userProvince,name,prosize_col,level,mobile,commtime,comments
浙江,y***g,加大号XL128片,金牌会员, ,2015-04-19 22:11:52,非常满意，买了好几次了
安徽,啊JO,中号M192片,铜牌会员,来自京东iPad客户端,2015-04-20 04:18:50,包装完整，看上去不错。还没有用，先囤着。京东快递很给力，快递师傅人特别好，100个赞。
广东,L***静,小号S152片,钻石会员,来自京东Android客户端,2015-04-17 08:15:17,正品，很优惠！下次继续买！！！
山西,慢***鼠,加大号XL72片,钻石会员,来自京东Android客户端,2015-04-07 18:35:55,挺好！现在帮宝适做工比以前好，漏吸水颗粒的情况不多了！
广东,S***e,大号L84片,钻石会员,来自京东Android客户端,2015-03-15 22:54:37,湿纸巾赠品不错！但拉拉裤比起妈咪宝贝小内裤容量和防漏确实有差距。依旧给好评吧&hellip;&hellip;
吉林,小猪宝贝0646,加大号XL128片,银牌会员,来自京东Android客户端,2014-11-26 10:34:06,买过好多次了，一直就是这个牌子
,张丽601,加大号XL128片,铜牌会员,来自微信购物,2014-12-05 13:19:05,挺好用的。
,g***5,加大号XL128片,金牌会员,来自京东Android客户端,2015-01-20 18:59:54,正品，宝贝一直在用，很柔软，宝宝没有不适感。
,j***z,绿帮大号L164片,铜牌会员,来自京东Android客户端,2016-04-18 20:02:32,买了好多次了，一直在用放心
,j***6,干爽拉拉裤加加大码XXL50片,银牌会员,来自京东Android客户端,2016-07-06 10:33:48,一直都用挺好的，送货也很快，不错！
,j***u,干爽拉拉裤加大码XL72片,银牌会员,来自京东iPhone客户端,2016-07-02 10:30:14,很好！
,j***e,绿帮小号S164片,钻石会员,来自京东Android客户端,2016-07-03 14:20:25,不知道多少次购买
,tpcHaTZULKaq,干爽拉拉裤中码M94片,银牌会员,来自微信购物,2016-06-10 18:48:14,不怎么好，吸收力不强
湖南,h***m,绿帮加大号XL128片,钻石会员,来自京东iPhone客户端,2016-06-15 18:40:36,发货快，包装完整，质量很好，非常满意。
,j***o,干爽拉拉裤大码L84片,铜牌会员,来自京东Android客户端,2016-07-02 13:29:14,物流很快，宝贝很好
天津,d***5,绿帮大号L164片,钻石会员, ,2016-07-06 10:16:54,帮宝适大品牌，值得信赖。
,段***4,绿帮大号L164片,金牌会员,来自京东Android客户端,2016-06-16 20:59:03,好评。。。。。。。。  。。。。。
四川,y***8,绿帮小号S164片,银牌会员,来自京东iPhone客户端,2016-06-29 17:28:25,这次买的尿不湿跟我以前用的帮宝适不一样，感觉非常不好，不知道是不是正品？说好的正品也没有送。一直信赖京东，这次有点失望。
广东,C***b,绿帮中号M192片,金牌会员,来自京东Android客户端,2016-06-14 01:56:39,??
广东,无心_CSU,绿帮大号L164片,钻石会员,来自京东iPad客户端,2016-07-05 20:42:07,不错，一直在京东购买。
,段***4,绿帮加大号XL128片,金牌会员,来自京东Android客户端,2016-06-14 11:47:17,好评。。。。。。。
广东,j***i,干爽拉拉裤大码L84片,钻石会员,来自京东iPhone客户端,2016-06-22 13:26:31,说实话，一般般的吧
,j***i,干爽拉拉裤加大码XL72片,铜牌会员,来自京东iPhone客户端,2016-07-06 01:41:04,物流很快
,j***j,绿帮大号L164片,铜牌会员,来自京东Android客户端,2016-07-05 12:27:51,物流很快，东西很好
广东,j***4,绿帮中号M192片,金牌会员,来自京东iPhone客户端,2016-07-04 22:43:00,第二次购买啦。划算很多的
,天***邻,干爽拉拉裤大码L84片,银牌会员,来自京东iPhone客户端,2016-06-28 09:19:13,还没打开，好像换包装了
,丶***焰,绿帮小号S164片,银牌会员,来自京东iPhone客户端,2016-06-19 19:09:35,太差了，硬，宝宝的pp都破皮了，法克。
四川,水***东,绿帮加大号XL128片,金牌会员,来自京东iPhone客户端,2016-06-16 23:18:28,东西不错&hellip;&hellip;&hellip;&hellip;&hellip;&hellip;&hellip;&hellip;&hellip;&hellip;
江苏,扬***天,绿帮新生儿NB96片,钻石会员, ,2016-05-27 15:06:22,很好，是正品，价格便宜。有活动再买。
,wKGDaetAKPpT,绿帮大号L164片,银牌会员,来自微信购物,2016-07-03 20:49:13,相当满意，我宝不怕红屁股了
广西,s***3,绿帮小号S164片,银牌会员,来自京东Android客户端,2016-06-14 17:27:29,比超市便宜多了，正品
,1***p,绿帮新生儿NB96片,银牌会员,来自京东Android客户端,2016-07-05 12:47:19,好，好，好
,j***g,绿帮中号M192片,金牌会员,来自京东Android客户端,2016-06-14 11:38:45,很好的6艘哦7斤黑奴糯米鼎诺7名你们
,j***s,绿帮大号L164片,铜牌会员,来自手机QQ购物,2016-07-05 16:15:53,看着还好。就是才买头一次，怎么就涨价了
江苏,亲***a,干爽拉拉裤加大码XL72片,铜牌会员,来自京东Android客户端,2016-05-12 23:16:46,便宜很多，宝宝30个月，一直用的这个，一天一片，挺好的
,w***n,干爽拉拉裤大码L84片,银牌会员,来自京东Android客户端,2016-07-03 23:31:53,。
,牛***俊,绿帮大号L164片,铜牌会员,来自京东Android客户端,2016-04-30 19:05:50,挺好的  用了宝宝不会红屁股
,m***5,绿帮小号S164片,银牌会员,来自京东Android客户端,2016-07-02 22:18:39,帮宝适怎么说都是大牌子啊，怎么味道这么重？！有人可以解释一下吗？
,燕***O,绿帮大号L164片,钻石会员, ,2016-06-19 00:27:53,送货快，京东比T宝买东西还快，网络够广。
广东,j***3,绿帮大号L164片,金牌会员,来自京东iPhone客户端,2016-06-06 21:18:58,帮别人买的，因为大宝一直用拉拉裤的这个所以很放心的推荐购买
江苏,机***孩,绿帮加大号XL128片,银牌会员,来自京东Android客户端,2016-06-09 21:03:36,还好
,福***橼,绿帮中号M192片,铜牌会员,来自京东Android客户端,2016-07-05 16:43:29,一直用帮宝适，很不错，物流很给力，一天就收到了，好评好评！
,安***华,绿帮大号L164片,银牌会员,来自京东iPhone客户端,2016-07-04 17:20:30,买好几次了。还是帮宝适最适合孩子，价钱也实惠
云南,z***7,绿帮小号S164片,金牌会员,来自京东Android客户端,2016-06-26 23:27:17,物流超给力，价格便宜，性价比高，比实体店划算
,燕***O,绿帮加大号XL128片,钻石会员, ,2016-06-19 00:23:52,朋友说不错，比起超市实惠多了。
,s***乐,绿帮中号M192片,铜牌会员,来自京东Android客户端,2016-06-29 17:07:05,很好，价格比实体店实惠多了！到货后就给宝宝用了，感觉挺好的。
广东,j***t,绿帮加大号XL128片,金牌会员,来自京东Android客户端,2016-06-03 11:50:22,好
,开***1,绿帮大号L164片,金牌会员,来自京东Android客户端,2016-07-05 06:11:41,物流快，从宝宝出生一直用，自营的放心！
,燕***O,绿帮中号M192片,钻石会员, ,2016-06-19 00:00:22,帮别人买的，一直用这个牌子的。
贵州,2***金,绿帮新生儿NB96片,铜牌会员,来自京东Android客户端,2016-07-02 08:29:43,我已用了几片，很好。
,j***j,绿帮大号L164片,银牌会员,来自京东Android客户端,2016-07-04 09:11:54,一直用这个牌子，这是第二次购买！很实惠！宝宝用的非常好！
,j***x,绿帮中号M192片,铜牌会员,来自京东Android客户端,2016-06-09 15:32:01,还不错
广东,j***1,绿帮加大号XL128片,银牌会员,来自京东Android客户端,2016-07-01 23:30:07,配送员服务好，商品是正品，一如既往的好。下次还会光谷。
,5***丽,干爽拉拉裤中码M94片,铜牌会员,来自京东Android客户端,2016-06-14 23:28:52,东西实惠，物流很快，最好的是配送员太好了，一直送到我家！好评～
广东,q***1,绿帮大号L164片,金牌会员,来自京东Android客户端,2016-07-05 21:53:39,一直信赖的牌子，一字好，两个字很好，京东快递一如既往的支持，很快，服务也是第一
四川,j***8,干爽拉拉裤大码L84片,银牌会员,来自京东iPhone客户端,2016-07-05 21:30:35,好
广东,b***_,干爽拉拉裤加加大码XXL50片,金牌会员, ,2016-06-20 16:10:13,不错不错，一向都使用这个牌子，一直挺好的
广东,萌***H,干爽拉拉裤大码L84片,金牌会员,来自京东Android客户端,2016-05-15 22:12:59,尿片一般，很厚
,j***p,干爽拉拉裤加大码XL72片,铜牌会员,来自京东Android客户端,2016-06-24 09:10:08,一般吧  还算可以
广东,陈海宁190325,绿帮小号S164片,铜牌会员,来自京东iPhone客户端,2016-04-11 22:13:48,挺好用的
,d***U,绿帮新生儿NB96片,铜牌会员,来自微信购物,2016-07-03 18:17:12,很好，宝宝用着不错&hellip;&hellip;
,j***m,干爽拉拉裤加大码XL72片,银牌会员,来自京东Android客户端,2016-07-02 10:35:25,满意
,j***k,干爽拉拉裤中码M94片,银牌会员,来自京东iPhone客户端,2016-07-05 13:40:55,不错
广东,l***n,绿帮加大号XL128片,金牌会员,来自京东Android客户端,2016-05-15 09:12:47,ok
,j***k,绿帮大号L164片,铜牌会员,来自京东Android客户端,2016-07-06 10:41:11,其它没什么，一直用这个，不过最近外包装不行！都是坏的。
广东,j***8,绿帮中号M192片,铜牌会员,来自京东Android客户端,2016-06-19 14:37:13,不错，宝宝半岁后就一直用这款，夏天用不那么热，又实惠。
广东,j***z,绿帮大号L164片,钻石会员,来自京东Android客户端,2016-06-12 19:59:44,部分尿片上面有尿显，部分没有，什么情况，假货吗？
广东,j***n,绿帮中号M192片,金牌会员,来自京东iPhone客户端,2016-07-05 22:30:02,满意
广东,飘***遥,绿帮大号L164片,钻石会员,来自京东Android客户端,2016-06-13 15:33:16,东西不错，以后会再购买的
广东,涛***9,绿帮小号S164片,金牌会员,来自京东Android客户端,2016-07-02 08:45:26,还好不错
广东,梧***凉,干爽拉拉裤大码L84片,金牌会员,来自京东Android客户端,2016-07-02 13:49:08,好
,g***t,干爽拉拉裤中码M94片,铜牌会员,来自微信购物,2016-07-05 14:13:32,京东就是快啊大赞！！！！
,j***子,绿帮小号S164片,银牌会员,来自京东iPhone客户端,2016-06-20 09:30:09,超级好用，又来买了
,森***儿,绿帮小号S164片,铜牌会员,来自京东iPhone客户端,2016-06-15 20:39:27,味道很大  京东好在送货快坏在价格变得大 担心假货
广东,h***g,干爽拉拉裤大码L84片,金牌会员,来自京东iPhone客户端,2016-06-16 16:29:00,不错，囤货中！
广东,j***f,干爽拉拉裤加大码XL72片,金牌会员,来自京东Android客户端,2016-06-01 22:56:45,行，
广东,K***少,绿帮大号L164片,钻石会员,来自京东iPhone客户端,2016-07-02 20:45:57,可以
,j***5,绿帮大号L164片,铜牌会员,来自京东Android客户端,2016-07-01 14:29:35,很好，是正品
福建,m***哥,干爽拉拉裤大码L84片,钻石会员,来自京东Android客户端,2016-07-02 23:08:02,宝宝一直穿这个牌子的纸尿裤，都挺好的。
,蝸***爬,绿帮新生儿NB96片,铜牌会员,来自京东Android客户端,2016-07-01 17:12:21,和实物一样。
广东,G***n,绿帮加大号XL128片,金牌会员,来自京东Android客户端,2016-07-05 22:40:06,一直买这个!!!!!
,nfZJziVISddL,绿帮新生儿NB96片,铜牌会员,来自微信购物,2016-06-20 07:50:00,好好好好好好
,仲***妹,绿帮新生儿NB96片,铜牌会员,来自京东Android客户端,2016-04-18 18:19:33,挺好的
,E***h,绿帮新生儿NB96片,铜牌会员,来自微信购物,2016-05-01 11:57:23,很喜欢，背着宝宝挺舒服
,j***z,绿帮大号L164片,银牌会员,来自京东iPhone客户端,2016-05-28 19:02:32,很好的产品，不是第一次买了，物流业很快！
四川,s***g,绿帮大号L164片,银牌会员,来自京东Android客户端,2016-07-01 22:59:53,一如既往的支持&hellip;很好用&hellip;
北京,春***香,绿帮加大号XL128片,钻石会员, ,2016-06-14 19:36:52,质量好， 发货快，一直选 京东就对了。
,j***x,绿帮加大号XL128片,铜牌会员,来自京东Android客户端,2016-07-01 22:11:34,给宝贝一直用的这个牌子的，感觉挺好的
广东,我***想,绿帮小号S164片,金牌会员,来自京东Android客户端,2016-07-01 01:45:51,很好，便宜？。。。。。
天津,j***缆,干爽拉拉裤加加大码XXL50片,钻石会员,来自京东Android客户端,2016-06-18 23:58:18,帮宝适也是非常不错的，宝宝用还是比较放心的
福建,秦***p,绿帮加大号XL128片,钻石会员, ,2016-06-14 17:14:44,不错，质量很好，京东自营的放心。
安徽,L***C,绿帮加大号XL128片,钻石会员,来自京东Android客户端,2016-07-01 00:19:26,尿不湿我用了那么多品牌，我觉得帮宝适真的好用，别的牌子的缺点不说，这个牌子很好，你也试试就知道它的好?
广东,w***9,绿帮加大号XL128片,钻石会员,来自京东iPhone客户端,2016-07-05 03:37:46,好快，便宜实惠！。。。。。。
,2***8,干爽拉拉裤大码L84片,银牌会员,来自京东iPhone客户端,2016-07-02 14:43:57,好
,j***z,绿帮大号L164片,铜牌会员,来自京东Android客户端,2016-04-18 20:02:32,买了好多次了，一直在用放心
,j***6,干爽拉拉裤加加大码XXL50片,银牌会员,来自京东Android客户端,2016-07-06 10:33:48,一直都用挺好的，送货也很快，不错！
,j***z,绿帮大号L164片,铜牌会员,来自京东Android客户端,2016-06-03 14:14:44,一直在用沒有出现过过敏
,j***n,绿帮大号L164片,铜牌会员,来自京东Android客户端,2016-05-14 13:28:45,我家宝宝一直用这个，很不错
,j***i,绿帮中号M192片,银牌会员,来自京东Android客户端,2016-06-28 10:33:07,还可以。经济又实惠
广东,a***凉,绿帮小号S164片,钻石会员,来自京东iPhone客户端,2016-07-03 20:20:54,好评，比超市便宜
,j***a,绿帮新生儿NB96片,铜牌会员,来自京东Android客户端,2016-06-10 10:48:26,质量很好。
,j***q,干爽拉拉裤大码L84片,铜牌会员,来自京东Android客户端,2016-07-05 19:30:03,东东看的很不错哦?
,V***N,绿帮大号L164片,银牌会员,来自京东Android客户端,2016-06-28 21:47:05,还不错
,1***p,绿帮小号S164片,铜牌会员,来自京东Android客户端,2016-07-05 13:19:02,快递员态度非常好，很满意
广东,j***4,干爽拉拉裤中码M94片,金牌会员,来自京东iPhone客户端,2016-07-05 22:03:59,不错
四川,L***1,绿帮大号L164片,银牌会员,来自京东Android客户端,2016-04-15 22:57:37,帮别人买，反应好，评价晚了些
湖南,回***T,绿帮大号L164片,银牌会员,来自京东Android客户端,2016-06-15 18:27:33,宝贝比在商场买便宜多了，非常不错。
贵州,瘦***了,绿帮中号M192片,银牌会员,来自京东Android客户端,2016-04-19 12:05:46,很好很好    质量还可以吧
,央***兮,绿帮大号L164片,银牌会员, ,2016-06-18 22:53:59,111
贵州,瘦***了,绿帮大号L164片,银牌会员,来自京东Android客户端,2016-07-03 23:25:06,这牌子的用起挺好的   都用半年了
河北,g***3,绿帮新生儿NB96片,银牌会员,来自京东Android客户端,2016-06-27 18:29:20,挺好
北京,r***1,绿帮小号S164片,银牌会员, ,2016-06-15 08:18:57,价廉物美 宝贝一直在用这个牌子，很满意。
,j***s,绿帮小号S164片,银牌会员,来自京东Android客户端,2016-07-06 08:24:25,第二次购买了，很好用
,你若懂范,绿帮中号M192片,铜牌会员,来自京东iPhone客户端,2016-07-05 22:25:58,说好的多送四片呢？感觉跟前几次买的不太一样，以前箱子上都有京东的胶带，现在是透明的？一点看不出来是京东的货
湖南,回***T,绿帮大号L164片,银牌会员,来自京东Android客户端,2016-04-12 20:39:50,发货速度神速，包装很严实，质量绝对好，下次还会再来。
,Z***W,干爽拉拉裤大码L84片,银牌会员,来自微信购物,2016-07-04 19:06:49,好用。。。。
,Z***1,绿帮大号L164片,银牌会员,来自京东Android客户端,2016-06-18 23:04:28,第二次购买，很好！
,x***A,绿帮大号L164片,铜牌会员,来自微信购物,2016-05-15 16:03:58,第一次在京东买纸尿裤非常满意的一次购物下次继续光顾快递很给力
福建,j***a,绿帮大号L164片,铜牌会员,来自京东iPhone客户端,2016-07-02 12:54:10,一直在京东买，还不错，方便
,李***_,绿帮加大号XL128片,金牌会员,来自京东Android客户端,2016-07-02 11:49:44,大品牌品质有保障，满意
河北,a***i,干爽拉拉裤中码M94片,银牌会员,来自京东iPhone客户端,2016-05-14 20:36:30,这次买的不太好，有味道起坨
,j***4,绿帮新生儿NB96片,银牌会员,来自京东Android客户端,2016-06-26 15:00:21,??
,j***q,干爽拉拉裤大码L84片,铜牌会员,来自京东Android客户端,2016-07-06 10:31:32,好评五星
黑龙江,上***7,绿帮加大号XL128片,钻石会员, ,2016-06-14 17:46:35,还可以，质量不错，大品牌。
河北,j***虎,干爽拉拉裤中码M94片,铜牌会员,来自京东Android客户端,2016-07-05 07:20:36,还没用。看着不错
广东,j***p,绿帮大号L164片,金牌会员, ,2016-06-18 22:20:24,一直都用帮宝适的产品！质量值得信赖！希望买的时候会遇上搞促销!呵呵！
,P***C,绿帮加大号XL128片,金牌会员,来自京东iPhone客户端,2016-07-05 16:06:46,我家龙凤胎宝宝一直用这个牌子的！很好用！比别的牌子的都好
北京,拇***国,干爽拉拉裤大码L84片,钻石会员,来自京东Android客户端,2016-06-14 22:57:10,好好好
广东,豆***6,绿帮大号L164片,金牌会员,来自京东Android客户端,2016-04-29 12:16:52,一直都在用，好，送货快
,j***r,绿帮大号L164片,金牌会员,来自京东Android客户端,2016-07-05 20:53:41,挺好的，适合夏天用
安徽,浅***风,绿帮加大号XL128片,银牌会员,来自京东Android客户端,2016-06-26 21:58:14,实惠有用，质量与实体店差不多，很好
广东,罗***7,绿帮中号M192片,银牌会员,来自微信购物,2016-06-21 19:12:32,还可以，新包装是比我在超市买的薄，现在夏天用刚好，还有尿液显示线。又经济实惠，最重要的是BB不过敏
,j***9,绿帮小号S164片,银牌会员,来自京东Android客户端,2016-05-14 12:41:29,第四次买了
,j***n,绿帮大号L164片,银牌会员,来自京东Android客户端,2016-07-05 15:26:34,挺好，又快！
,j***1,绿帮小号S164片,铜牌会员,来自京东Android客户端,2016-06-20 03:54:14,比好奇的大不错
广东,j***0,绿帮加大号XL128片,金牌会员,来自京东iPhone客户端,2016-05-17 20:46:17,很实惠，质量都不错，孩子穿了也没什么不适。
广西,c***3,干爽拉拉裤大码L84片,钻石会员,来自京东Android客户端,2016-06-23 19:31:58,儿子喜欢穿，买了很多包了。
江苏,x***l,绿帮加大号XL128片,金牌会员,来自京东iPhone客户端,2016-06-30 23:22:52,好，一直用这个
,j***g,绿帮大号L164片,银牌会员,来自京东Android客户端,2016-07-06 00:06:07,值得赞一个
山东,b***7,绿帮加大号XL128片,钻石会员, ,2016-06-15 16:18:53,商品质量很好，正品
,j***j,干爽拉拉裤加大码XL72片,银牌会员,来自京东iPhone客户端,2016-07-05 16:38:01,还行吧，还行吧，还行吧。
四川,泡沫魂,干爽拉拉裤大码L84片,银牌会员,来自京东iPhone客户端,2016-07-04 19:14:10,夏天用很合适，很薄！也比较能吸尿！一整夜一片就可以了，用两片也划算哈！价格很实惠！
北京,超***R,干爽拉拉裤大码L84片,钻石会员,来自京东iPhone客户端,2016-06-29 22:46:55,还是不错的
上海,j***燕,绿帮中号M192片,金牌会员,来自京东Android客户端,2016-07-06 08:33:54,一直在用哦
山东,唤***涌,干爽拉拉裤加大码XL72片,铜牌会员,来自京东Android客户端,2016-06-08 21:03:41,喜欢 美丽 大方，太喜欢了，送个他了
北京,s***磊,干爽拉拉裤大码L84片,银牌会员,来自京东iPhone客户端,2016-05-08 09:45:53,质量还不错，下次再买，用着也方便。
,x***7,绿帮小号S164片,铜牌会员,来自京东Android客户端,2016-07-02 10:33:01,非常愉快一次购物。下单第二天就到了！
,j***p,绿帮大号L164片,银牌会员,来自京东iPhone客户端,2016-07-02 14:02:40,很好
湖北,芳***苹,干爽拉拉裤加大码XL72片,铜牌会员,来自京东Android客户端,2016-06-08 20:35:06,绝对的正品哦，喜欢中。谢谢
广东,v***i,绿帮小号S164片,钻石会员,来自京东iPhone客户端,2016-07-04 00:59:31,还可以 满干爽
江苏,兰***荷,绿帮加大号XL128片,银牌会员,来自京东iPhone客户端,2016-04-14 19:35:07,活动价还是很不错滴
江西,j***q,绿帮小号S164片,铜牌会员,来自京东Android客户端,2016-06-13 11:34:36,宝宝用的不红屁屁&hellip;&hellip;一直都在你家买下去
湖南,j***n,绿帮加大号XL128片,金牌会员, ,2016-05-18 22:58:00,一直买这个牌子，很不错，很喜欢，信得过
,j***p,绿帮加大号XL128片,银牌会员,来自京东Android客户端,2016-07-04 17:39:41,我提交了要开发票，为什么没有发给给我
湖南,j***n,绿帮加大号XL128片,金牌会员, ,2016-06-06 09:50:50,一直买这个牌子，很不错，很喜欢，信得过
江苏,叶***1,绿帮大号L164片,金牌会员,来自京东Android客户端,2016-06-18 19:47:50,一直用白帮，最近用的比较多就换绿帮了，换的勤也一样
上海,flydog1979,绿帮大号L164片,钻石会员,来自京东Android客户端,2016-06-19 18:13:38,感觉一般般，不如日本牌子。
江苏,H***6,绿帮大号L164片,银牌会员,来自京东Android客户端,2016-07-05 09:06:04,棒棒哒，我家宝宝用了很清爽，超薄的
海南,冉***5,绿帮小号S164片,银牌会员,来自京东Android客户端,2016-07-05 18:43:40,挺不错，一直都在东京买的尿不湿，湿纸巾也是！发货快！比外面便宜很多！
北京,张***么,绿帮加大号XL128片,钻石会员,来自京东iPhone客户端,2016-04-11 22:32:33,。。。。。。。。。。。。。。。
北京,m***o,绿帮中号M192片,钻石会员,来自京东iPhone客户端,2016-07-04 10:59:09,很好用，挺薄的，京东太便宜了，赞
,匡***志,绿帮新生儿NB96片,钻石会员,来自京东Android客户端,2016-07-05 11:40:29,还不错宝宝一直用帮宝适的好评好评好评好评好评
广东,流***待,绿帮加大号XL128片,钻石会员,来自京东iPhone客户端,2016-07-02 22:47:17,挺好的，多次购买，方便快捷。
上海,祸***0,绿帮加大号XL128片,钻石会员, ,2016-06-13 15:43:45,很喜欢，正品
,j***l,干爽拉拉裤加大码XL72片,铜牌会员,来自京东Android客户端,2016-06-28 20:13:35,挺好的
,j***l,干爽拉拉裤大码L84片,铜牌会员,来自京东Android客户端,2016-06-28 20:13:35,挺好的
,pLbuANmetXvC,绿帮小号S164片,铜牌会员,来自微信购物,2016-07-06 06:25:32,第一次买，挺好的，物流也很好
黑龙江,z***9,绿帮大号L164片,铜牌会员,来自京东Android客户端,2016-06-13 10:38:01,挺好的
北京,j***v,绿帮大号L164片,金牌会员, ,2016-07-03 12:57:50,两次购买的包装不一样，日期批号字体不一样，纸尿裤也不一样（第一次买的有黄色尿湿线，第二次买的没有，同是L号的，两次购买间隔1个半月。好膈应）。快递很快，东西不满意，不满意！
河北,辛***娜,干爽拉拉裤加大码XL72片,银牌会员,来自京东iPhone客户端,2016-06-08 21:29:00,一直用的这个牌子，都买好几次了
河北,小***男,绿帮大号L164片,金牌会员,来自京东iPhone客户端,2016-05-05 08:52:08,一直用这个牌子，好用
,j***z,绿帮大号L164片,铜牌会员,来自微信购物,2016-07-04 10:31:03,非常好，下次就在这家买了
北京,j***1,绿帮大号L164片,钻石会员,来自京东iPhone客户端,2016-06-22 07:54:18,常客
黑龙江,小***0,干爽拉拉裤加大码XL72片,金牌会员,来自京东iPhone客户端,2016-07-05 17:00:46,不错！拿回来就用了！给予好评！还会继续购买
江西,l***7,干爽拉拉裤加加大码XXL50片,钻石会员,来自京东iPhone客户端,2016-04-07 12:35:30,一直购买这个牌子，一如既往的好！
江西,l***7,干爽拉拉裤加加大码XXL50片,钻石会员,来自京东iPhone客户端,2016-06-16 10:23:31,一直购买这个牌子，一如既往的好！
广东,1***m,绿帮加大号XL128片,金牌会员, ,2016-05-05 09:25:44,非常好 只是这次想换个品牌试试看
,v***e,绿帮加大号XL128片,银牌会员,来自微信购物,2016-06-19 10:42:16,这次快递有点慢，没之前快
,姓***子,绿帮加大号XL128片,金牌会员, ,2016-06-13 15:02:43,包装好 质量也好 我很喜欢
贵州,6***9,绿帮新生儿NB96片,银牌会员,来自京东Android客户端,2016-07-03 10:35:46,比较实惠
广东,h***g,干爽拉拉裤大码L84片,金牌会员,来自京东iPhone客户端,2016-06-16 16:29:00,不错，囤货中！
广东,j***f,干爽拉拉裤加大码XL72片,金牌会员,来自京东Android客户端,2016-06-01 22:56:45,行，
广东,K***少,绿帮大号L164片,钻石会员,来自京东iPhone客户端,2016-07-02 20:45:57,可以
,j***5,绿帮大号L164片,铜牌会员,来自京东Android客户端,2016-07-01 14:29:35,很好，是正品
福建,m***哥,干爽拉拉裤大码L84片,钻石会员,来自京东Android客户端,2016-07-02 23:08:02,宝宝一直穿这个牌子的纸尿裤，都挺好的。
,蝸***爬,绿帮新生儿NB96片,铜牌会员,来自京东Android客户端,2016-07-01 17:12:21,和实物一样。
广东,G***n,绿帮加大号XL128片,金牌会员,来自京东Android客户端,2016-07-05 22:40:06,一直买这个!!!!!
,nfZJziVISddL,绿帮新生儿NB96片,铜牌会员,来自微信购物,2016-06-20 07:50:00,好好好好好好
,仲***妹,绿帮新生儿NB96片,铜牌会员,来自京东Android客户端,2016-04-18 18:19:33,挺好的
,E***h,绿帮新生儿NB96片,铜牌会员,来自微信购物,2016-05-01 11:57:23,很喜欢，背着宝宝挺舒服
广东,h***g,干爽拉拉裤大码L84片,金牌会员,来自京东iPhone客户端,2016-06-16 16:29:00,不错，囤货中！
广东,j***f,干爽拉拉裤加大码XL72片,金牌会员,来自京东Android客户端,2016-06-01 22:56:45,行，
广东,K***少,绿帮大号L164片,钻石会员,来自京东iPhone客户端,2016-07-02 20:45:57,可以
,j***5,绿帮大号L164片,铜牌会员,来自京东Android客户端,2016-07-01 14:29:35,很好，是正品
福建,m***哥,干爽拉拉裤大码L84片,钻石会员,来自京东Android客户端,2016-07-02 23:08:02,宝宝一直穿这个牌子的纸尿裤，都挺好的。
,蝸***爬,绿帮新生儿NB96片,铜牌会员,来自京东Android客户端,2016-07-01 17:12:21,和实物一样。
广东,G***n,绿帮加大号XL128片,金牌会员,来自京东Android客户端,2016-07-05 22:40:06,一直买这个!!!!!
,nfZJziVISddL,绿帮新生儿NB96片,铜牌会员,来自微信购物,2016-06-20 07:50:00,好好好好好好
,仲***妹,绿帮新生儿NB96片,铜牌会员,来自京东Android客户端,2016-04-18 18:19:33,挺好的
,E***h,绿帮新生儿NB96片,铜牌会员,来自微信购物,2016-05-01 11:57:23,很喜欢，背着宝宝挺舒服
广东,h***g,干爽拉拉裤大码L84片,金牌会员,来自京东iPhone客户端,2016-06-16 16:29:00,不错，囤货中！
广东,j***f,干爽拉拉裤加大码XL72片,金牌会员,来自京东Android客户端,2016-06-01 22:56:45,行，
广东,K***少,绿帮大号L164片,钻石会员,来自京东iPhone客户端,2016-07-02 20:45:57,可以
,j***5,绿帮大号L164片,铜牌会员,来自京东Android客户端,2016-07-01 14:29:35,很好，是正品
福建,m***哥,干爽拉拉裤大码L84片,钻石会员,来自京东Android客户端,2016-07-02 23:08:02,宝宝一直穿这个牌子的纸尿裤，都挺好的。
,蝸***爬,绿帮新生儿NB96片,铜牌会员,来自京东Android客户端,2016-07-01 17:12:21,和实物一样。
广东,G***n,绿帮加大号XL128片,金牌会员,来自京东Android客户端,2016-07-05 22:40:06,一直买这个!!!!!
,nfZJziVISddL,绿帮新生儿NB96片,铜牌会员,来自微信购物,2016-06-20 07:50:00,好好好好好好
,仲***妹,绿帮新生儿NB96片,铜牌会员,来自京东Android客户端,2016-04-18 18:19:33,挺好的
,E***h,绿帮新生儿NB96片,铜牌会员,来自微信购物,2016-05-01 11:57:23,很喜欢，背着宝宝挺舒服
广东,h***g,干爽拉拉裤大码L84片,金牌会员,来自京东iPhone客户端,2016-06-16 16:29:00,不错，囤货中！
广东,j***f,干爽拉拉裤加大码XL72片,金牌会员,来自京东Android客户端,2016-06-01 22:56:45,行，
广东,K***少,绿帮大号L164片,钻石会员,来自京东iPhone客户端,2016-07-02 20:45:57,可以
,j***5,绿帮大号L164片,铜牌会员,来自京东Android客户端,2016-07-01 14:29:35,很好，是正品
福建,m***哥,干爽拉拉裤大码L84片,钻石会员,来自京东Android客户端,2016-07-02 23:08:02,宝宝一直穿这个牌子的纸尿裤，都挺好的。
,蝸***爬,绿帮新生儿NB96片,铜牌会员,来自京东Android客户端,2016-07-01 17:12:21,和实物一样。
广东,G***n,绿帮加大号XL128片,金牌会员,来自京东Android客户端,2016-07-05 22:40:06,一直买这个!!!!!
,nfZJziVISddL,绿帮新生儿NB96片,铜牌会员,来自微信购物,2016-06-20 07:50:00,好好好好好好
,仲***妹,绿帮新生儿NB96片,铜牌会员,来自京东Android客户端,2016-04-18 18:19:33,挺好的
,E***h,绿帮新生儿NB96片,铜牌会员,来自微信购物,2016-05-01 11:57:23,很喜欢，背着宝宝挺舒服
广东,h***g,干爽拉拉裤大码L84片,金牌会员,来自京东iPhone客户端,2016-06-16 16:29:00,不错，囤货中！
广东,j***f,干爽拉拉裤加大码XL72片,金牌会员,来自京东Android客户端,2016-06-01 22:56:45,行，
广东,K***少,绿帮大号L164片,钻石会员,来自京东iPhone客户端,2016-07-02 20:45:57,可以
,j***5,绿帮大号L164片,铜牌会员,来自京东Android客户端,2016-07-01 14:29:35,很好，是正品
福建,m***哥,干爽拉拉裤大码L84片,钻石会员,来自京东Android客户端,2016-07-02 23:08:02,宝宝一直穿这个牌子的纸尿裤，都挺好的。
,蝸***爬,绿帮新生儿NB96片,铜牌会员,来自京东Android客户端,2016-07-01 17:12:21,和实物一样。
广东,G***n,绿帮加大号XL128片,金牌会员,来自京东Android客户端,2016-07-05 22:40:06,一直买这个!!!!!
,nfZJziVISddL,绿帮新生儿NB96片,铜牌会员,来自微信购物,2016-06-20 07:50:00,好好好好好好
,仲***妹,绿帮新生儿NB96片,铜牌会员,来自京东Android客户端,2016-04-18 18:19:33,挺好的
,E***h,绿帮新生儿NB96片,铜牌会员,来自微信购物,2016-05-01 11:57:23,很喜欢，背着宝宝挺舒服
广东,h***g,干爽拉拉裤大码L84片,金牌会员,来自京东iPhone客户端,2016-06-16 16:29:00,不错，囤货中！
广东,j***f,干爽拉拉裤加大码XL72片,金牌会员,来自京东Android客户端,2016-06-01 22:56:45,行，
广东,K***少,绿帮大号L164片,钻石会员,来自京东iPhone客户端,2016-07-02 20:45:57,可以
,j***5,绿帮大号L164片,铜牌会员,来自京东Android客户端,2016-07-01 14:29:35,很好，是正品
福建,m***哥,干爽拉拉裤大码L84片,钻石会员,来自京东Android客户端,2016-07-02 23:08:02,宝宝一直穿这个牌子的纸尿裤，都挺好的。
,蝸***爬,绿帮新生儿NB96片,铜牌会员,来自京东Android客户端,2016-07-01 17:12:21,和实物一样。
广东,G***n,绿帮加大号XL128片,金牌会员,来自京东Android客户端,2016-07-05 22:40:06,一直买这个!!!!!
,nfZJziVISddL,绿帮新生儿NB96片,铜牌会员,来自微信购物,2016-06-20 07:50:00,好好好好好好
,仲***妹,绿帮新生儿NB96片,铜牌会员,来自京东Android客户端,2016-04-18 18:19:33,挺好的
,E***h,绿帮新生儿NB96片,铜牌会员,来自微信购物,2016-05-01 11:57:23,很喜欢，背着宝宝挺舒服
广东,h***g,干爽拉拉裤大码L84片,金牌会员,来自京东iPhone客户端,2016-06-16 16:29:00,不错，囤货中！
广东,j***f,干爽拉拉裤加大码XL72片,金牌会员,来自京东Android客户端,2016-06-01 22:56:45,行，
广东,K***少,绿帮大号L164片,钻石会员,来自京东iPhone客户端,2016-07-02 20:45:57,可以
,j***5,绿帮大号L164片,铜牌会员,来自京东Android客户端,2016-07-01 14:29:35,很好，是正品
福建,m***哥,干爽拉拉裤大码L84片,钻石会员,来自京东Android客户端,2016-07-02 23:08:02,宝宝一直穿这个牌子的纸尿裤，都挺好的。
,蝸***爬,绿帮新生儿NB96片,铜牌会员,来自京东Android客户端,2016-07-01 17:12:21,和实物一样。
广东,G***n,绿帮加大号XL128片,金牌会员,来自京东Android客户端,2016-07-05 22:40:06,一直买这个!!!!!
,nfZJziVISddL,绿帮新生儿NB96片,铜牌会员,来自微信购物,2016-06-20 07:50:00,好好好好好好
,仲***妹,绿帮新生儿NB96片,铜牌会员,来自京东Android客户端,2016-04-18 18:19:33,挺好的
,E***h,绿帮新生儿NB96片,铜牌会员,来自微信购物,2016-05-01 11:57:23,很喜欢，背着宝宝挺舒服
广东,h***g,干爽拉拉裤大码L84片,金牌会员,来自京东iPhone客户端,2016-06-16 16:29:00,不错，囤货中！
广东,j***f,干爽拉拉裤加大码XL72片,金牌会员,来自京东Android客户端,2016-06-01 22:56:45,行，
广东,K***少,绿帮大号L164片,钻石会员,来自京东iPhone客户端,2016-07-02 20:45:57,可以
,j***5,绿帮大号L164片,铜牌会员,来自京东Android客户端,2016-07-01 14:29:35,很好，是正品
福建,m***哥,干爽拉拉裤大码L84片,钻石会员,来自京东Android客户端,2016-07-02 23:08:02,宝宝一直穿这个牌子的纸尿裤，都挺好的。
,蝸***爬,绿帮新生儿NB96片,铜牌会员,来自京东Android客户端,2016-07-01 17:12:21,和实物一样。
广东,G***n,绿帮加大号XL128片,金牌会员,来自京东Android客户端,2016-07-05 22:40:06,一直买这个!!!!!
,nfZJziVISddL,绿帮新生儿NB96片,铜牌会员,来自微信购物,2016-06-20 07:50:00,好好好好好好
,仲***妹,绿帮新生儿NB96片,铜牌会员,来自京东Android客户端,2016-04-18 18:19:33,挺好的
,E***h,绿帮新生儿NB96片,铜牌会员,来自微信购物,2016-05-01 11:57:23,很喜欢，背着宝宝挺舒服
广东,h***g,干爽拉拉裤大码L84片,金牌会员,来自京东iPhone客户端,2016-06-16 16:29:00,不错，囤货中！
广东,j***f,干爽拉拉裤加大码XL72片,金牌会员,来自京东Android客户端,2016-06-01 22:56:45,行，
广东,K***少,绿帮大号L164片,钻石会员,来自京东iPhone客户端,2016-07-02 20:45:57,可以
,j***5,绿帮大号L164片,铜牌会员,来自京东Android客户端,2016-07-01 14:29:35,很好，是正品
福建,m***哥,干爽拉拉裤大码L84片,钻石会员,来自京东Android客户端,2016-07-02 23:08:02,宝宝一直穿这个牌子的纸尿裤，都挺好的。
,蝸***爬,绿帮新生儿NB96片,铜牌会员,来自京东Android客户端,2016-07-01 17:12:21,和实物一样。
广东,G***n,绿帮加大号XL128片,金牌会员,来自京东Android客户端,2016-07-05 22:40:06,一直买这个!!!!!
,nfZJziVISddL,绿帮新生儿NB96片,铜牌会员,来自微信购物,2016-06-20 07:50:00,好好好好好好
,仲***妹,绿帮新生儿NB96片,铜牌会员,来自京东Android客户端,2016-04-18 18:19:33,挺好的
,E***h,绿帮新生儿NB96片,铜牌会员,来自微信购物,2016-05-01 11:57:23,很喜欢，背着宝宝挺舒服
,j***x,绿帮中号M192片,银牌会员,来自京东Android客户端,2016-06-14 10:56:25,买来还没用，包装不错，活动期间买经济实惠～～
,j***g,干爽拉拉裤大码L84片,铜牌会员,来自京东Android客户端,2016-07-05 13:28:25,不错
,j***b,干爽拉拉裤中码M94片,银牌会员,来自京东Android客户端,2016-07-03 19:45:55,大品牌，宝宝用的很舒服。很不错
,o***P,绿帮小号S164片,铜牌会员,来自微信购物,2016-06-29 16:10:14,千万不要买假货，起陀，手一摸都感觉给店里买的不一样，好评那里来的，
广东,f***1,绿帮新生儿NB96片,银牌会员,来自京东Android客户端,2016-05-23 13:19:03,还不错哟，推荐
江苏,h***9,绿帮大号L164片,钻石会员,来自京东Android客户端,2016-06-16 22:25:38,一直用这个牌子，感觉性价比很好！
广东,y***0,绿帮大号L164片,金牌会员,来自京东iPhone客户端,2016-06-14 17:12:25,一直用，国产没有进口好
广东,f***1,绿帮新生儿NB96片,银牌会员,来自京东Android客户端,2016-07-05 23:37:36,还不错，只是宝宝用起来感觉有点偏大，好奇的新生儿款要适合点我家宝宝。
,e***m,绿帮加大号XL128片,金牌会员,来自京东Android客户端,2016-06-18 22:31:46,不知道效果如何，至少心里踏实点
福建,蒋***E,干爽拉拉裤加大码XL72片,银牌会员,来自京东iPhone客户端,2016-07-04 22:20:07,很好，继续购买！！！！！！
山东,j***o,绿帮大号L164片,金牌会员,来自京东iPhone客户端,2016-06-10 08:52:00,好
,e***w,绿帮加大号XL128片,金牌会员,来自京东Android客户端,2016-06-18 22:32:42,使用起来还不错，简单实在的商品
,e***d,绿帮大号L164片,金牌会员,来自京东Android客户端,2016-06-18 21:07:11,样子真心喜欢啊。。太可爱了
,e***q,绿帮大号L164片,铜牌会员,来自京东Android客户端,2016-06-18 22:23:14,很好，如果有更多活动就更好了。还会买。
,e***z,绿帮加大号XL128片,金牌会员,来自京东Android客户端,2016-06-18 22:08:32,东西很快，和以前一样
,e***u,绿帮大号L164片,金牌会员,来自京东Android客户端,2016-06-18 22:07:20,哈哈 终于买到了 好啊，来1个吧
,e***f,绿帮大号L164片,金牌会员,来自京东Android客户端,2016-06-18 20:59:55,好东西 看的舒心 用的方便，哈哈
山东,songxiaopeng,干爽拉拉裤加大码XL72片,钻石会员,来自京东Android客户端,2016-06-11 23:00:01,返潮宝宝屁股湿湿的，一般吧。
广东,S***3,干爽拉拉裤中码M94片,金牌会员,来自京东iPhone客户端,2016-06-11 23:43:04,有点偏小
,e***l,绿帮中号M192片,金牌会员,来自京东Android客户端,2016-06-18 20:56:45,谢谢京东 好东西，不要错过哦
山东,j***o,绿帮大号L164片,金牌会员,来自京东iPhone客户端,2016-06-10 08:52:00,好
,e***w,绿帮加大号XL128片,金牌会员,来自京东Android客户端,2016-06-18 22:32:42,使用起来还不错，简单实在的商品
,e***d,绿帮大号L164片,金牌会员,来自京东Android客户端,2016-06-18 21:07:11,样子真心喜欢啊。。太可爱了
,e***q,绿帮大号L164片,铜牌会员,来自京东Android客户端,2016-06-18 22:23:14,很好，如果有更多活动就更好了。还会买。
,e***z,绿帮加大号XL128片,金牌会员,来自京东Android客户端,2016-06-18 22:08:32,东西很快，和以前一样
,e***u,绿帮大号L164片,金牌会员,来自京东Android客户端,2016-06-18 22:07:20,哈哈 终于买到了 好啊，来1个吧
,e***f,绿帮大号L164片,金牌会员,来自京东Android客户端,2016-06-18 20:59:55,好东西 看的舒心 用的方便，哈哈
山东,songxiaopeng,干爽拉拉裤加大码XL72片,钻石会员,来自京东Android客户端,2016-06-11 23:00:01,返潮宝宝屁股湿湿的，一般吧。
广东,S***3,干爽拉拉裤中码M94片,金牌会员,来自京东iPhone客户端,2016-06-11 23:43:04,有点偏小
,e***l,绿帮中号M192片,金牌会员,来自京东Android客户端,2016-06-18 20:56:45,谢谢京东 好东西，不要错过哦
,e***z,绿帮加大号XL128片,金牌会员,来自京东Android客户端,2016-06-18 22:08:32,东西很快，和以前一样
,e***u,绿帮大号L164片,金牌会员,来自京东Android客户端,2016-06-18 22:07:20,哈哈 终于买到了 好啊，来1个吧
,e***f,绿帮大号L164片,金牌会员,来自京东Android客户端,2016-06-18 20:59:55,好东西 看的舒心 用的方便，哈哈
山东,songxiaopeng,干爽拉拉裤加大码XL72片,钻石会员,来自京东Android客户端,2016-06-11 23:00:01,返潮宝宝屁股湿湿的，一般吧。
广东,S***3,干爽拉拉裤中码M94片,金牌会员,来自京东iPhone客户端,2016-06-11 23:43:04,有点偏小
,e***l,绿帮中号M192片,金牌会员,来自京东Android客户端,2016-06-18 20:56:45,谢谢京东 好东西，不要错过哦
,e***h,绿帮加大号XL128片,铜牌会员,来自京东Android客户端,2016-06-18 20:09:58,真的是不错了啊，喜欢的童鞋速度下单。
江苏,j***i,绿帮大号L164片,银牌会员,来自京东Android客户端,2016-05-25 19:05:37,不错一直买这个
,e***b,绿帮加大号XL128片,金牌会员,来自京东Android客户端,2016-06-18 19:44:22,给朋友买的 很好的，太超值了。
,e***t,绿帮加大号XL128片,金牌会员,来自京东Android客户端,2016-06-18 20:51:50,下次还继续来买一个，京东就是划算。
,e***w,绿帮大号L164片,金牌会员,来自京东Android客户端,2016-06-18 19:40:49,买着个就真是对的啊  哈哈
,馨***粑,绿帮中号M192片,铜牌会员,来自京东iPhone客户端,2016-05-27 08:19:33,继续购入。。。
,M***9,干爽拉拉裤加加大码XXL50片,钻石会员, ,2016-06-24 11:08:13,okkkkkkkkkkkkkkkkkkkkkkkkkkkkkkkkkkkkkkkkkkk
,e***z,绿帮加大号XL128片,铜牌会员,来自京东Android客户端,2016-06-18 19:39:13,哈哈 喜欢 啊哈啊啊，太喜欢了
,e***n,绿帮加大号XL128片,金牌会员,来自京东Android客户端,2016-06-18 19:42:33,真的是很不错哦，太喜欢这东西了！
,e***d,绿帮加大号XL128片,铜牌会员,来自京东Android客户端,2016-06-18 19:33:23,你说好 我就说好 没办法啊
,e***g,绿帮大号L164片,铜牌会员,来自京东Android客户端,2016-06-18 19:40:02,喜欢的东西 就是好啊
,e***j,绿帮大号L164片,金牌会员,来自京东Android客户端,2016-06-18 19:37:57,朋友说非常好 物美价廉
,j***b,绿帮新生儿NB96片,铜牌会员,来自京东Android客户端,2016-07-05 20:40:30,不错，与实际一样，柔软兔兔兔兔兔兔
,馨***粑,绿帮中号M192片,铜牌会员,来自京东iPhone客户端,2016-07-01 12:22:07,确实还不错
广东,j***g,绿帮小号S164片,金牌会员, ,2016-06-17 10:18:00,第一次买感觉还不错物有所值
天津,w***3,绿帮加大号XL128片,钻石会员,来自京东Android客户端,2016-06-03 21:56:01,一如既往的好，宝宝一直用这个牌子
,j***k,绿帮新生儿NB96片,铜牌会员,来自京东Android客户端,2016-04-12 15:19:21,挺好的！
山东,蛋***c,绿帮加大号XL128片,钻石会员, ,2016-04-17 20:01:50,看来我还即可兑换快捷键和宽带网
广东,希***陈,绿帮加大号XL128片,银牌会员,来自微信购物,2016-07-05 15:51:16,一直都是用吕帮宝适，还行！
云南,q***7,绿帮大号L164片,金牌会员,来自京东Android客户端,2016-07-04 20:45:14,物流速度挺快的。这是第二次购买，还不错！
,o***w,绿帮中号M192片,铜牌会员,来自京东Android客户端,2016-07-05 23:03:15,可以还会在买，
重庆,a***3,绿帮新生儿NB96片,钻石会员,来自京东Android客户端,2016-06-18 22:39:23,比超市便宜多了
广东,7***平,绿帮新生儿NB96片,钻石会员, ,2016-06-18 11:47:11,【京东超市】帮宝适 Pampers 超薄干爽 婴儿纸尿裤 新生儿NB96片【0-5kg】
,j***8,绿帮小号S164片,铜牌会员,来自京东Android客户端,2016-07-05 17:20:24,很好
,e***r,绿帮加大号XL128片,金牌会员,来自京东Android客户端,2016-06-18 22:00:16,喜欢 美丽 大方，太喜欢了，送个他了
,e***s,绿帮加大号XL128片,金牌会员,来自京东Android客户端,2016-06-18 22:00:44,哦哦 这么回事啊 好东西，大家买吧
四川,j***7,绿帮大号L164片,钻石会员,来自京东iPhone客户端,2016-06-18 11:38:43,东西看着还不错，还没来得急用，好期待效果，。
广东,v***9,干爽拉拉裤加加大码XXL50片,金牌会员,来自京东Android客户端,2016-06-26 18:31:12,还可以，一直都在用
,1***p,干爽拉拉裤加大码XL72片,金牌会员,来自京东iPhone客户端,2016-06-14 22:52:21,好用
福建,j***f,绿帮大号L164片,铜牌会员,来自微信购物,2016-06-15 11:02:27,很方便，很好用，宝宝用的舒适
安徽,校***0,绿帮加大号XL128片,金牌会员,来自京东Android客户端,2016-04-11 16:20:05,宝宝一周岁后用的一直是帮宝适，物美价廉，非常好！
安徽,校***0,绿帮加大号XL128片,金牌会员,来自京东Android客户端,2016-05-14 22:52:24,宝宝一周岁后用的一直是帮宝适，非常好！
山西,1***2,绿帮大号L164片,钻石会员,来自京东Android客户端,2016-07-02 13:31:04,、、、、、、、、、、、、、、、、、、、、
,e***g,绿帮中号M192片,铜牌会员,来自京东Android客户端,2016-06-18 18:08:05,绝对的正品哦，喜欢中。谢谢
,爱***材,绿帮中号M192片,金牌会员,来自微信购物,2016-06-23 14:53:20,好好好好好好好好好好好好好好好好好好
,5***玲,干爽拉拉裤大码L84片,铜牌会员,来自京东iPhone客户端,2016-07-05 13:16:31,这个价格这个质量。只能说一分钱 一分货
,1***0,绿帮小号S164片,金牌会员,来自京东Android客户端,2016-07-05 14:41:43,不错超薄，好用
广东,H***H,绿帮大号L164片,银牌会员,来自微信购物,2016-06-07 12:32:34,很好用宝宝睡的安心、
广东,宇***泪,干爽拉拉裤大码L84片,钻石会员,来自京东Android客户端,2016-07-06 03:36:29,买过好多次了，挺好的
,j***己,绿帮新生儿NB96片,银牌会员,来自京东iPhone客户端,2016-07-02 19:07:13,不错，热天还是有点厚
广东,老***8,绿帮大号L164片,钻石会员,来自京东Android客户端,2016-06-09 14:46:56,一直用的帮宝适！相信京东！值得信赖！
,b***R,绿帮大号L164片,铜牌会员,来自微信购物,2016-07-05 09:29:35,不好用里面断层不说还回一坨坨的
北京,f***7,绿帮大号L164片,钻石会员,来自京东Android客户端,2016-05-29 22:30:24,宝宝必备，每月一箱，比超市便宜多了
广东,w***1,干爽拉拉裤加加大码XXL50片,钻石会员,来自京东iPhone客户端,2016-06-25 00:21:14,比实体店便宜
,e***u,绿帮加大号XL128片,金牌会员,来自京东Android客户端,2016-06-18 19:09:14,很好，如果有更多活动就更好了。还会买。
,j***y,绿帮新生儿NB96片,铜牌会员,来自京东iPhone客户端,2016-07-04 22:22:02,很不错，第二次使用了。
,e***r,绿帮加大号XL128片,金牌会员,来自京东Android客户端,2016-06-18 22:00:16,喜欢 美丽 大方，太喜欢了，送个他了
,e***s,绿帮加大号XL128片,金牌会员,来自京东Android客户端,2016-06-18 22:00:44,哦哦 这么回事啊 好东西，大家买吧
四川,j***7,绿帮大号L164片,钻石会员,来自京东iPhone客户端,2016-06-18 11:38:43,东西看着还不错，还没来得急用，好期待效果，。
广东,v***9,干爽拉拉裤加加大码XXL50片,金牌会员,来自京东Android客户端,2016-06-26 18:31:12,还可以，一直都在用
,1***p,干爽拉拉裤加大码XL72片,金牌会员,来自京东iPhone客户端,2016-06-14 22:52:21,好用
福建,j***f,绿帮大号L164片,铜牌会员,来自微信购物,2016-06-15 11:02:27,很方便，很好用，宝宝用的舒适
安徽,校***0,绿帮加大号XL128片,金牌会员,来自京东Android客户端,2016-04-11 16:20:05,宝宝一周岁后用的一直是帮宝适，物美价廉，非常好！
安徽,校***0,绿帮加大号XL128片,金牌会员,来自京东Android客户端,2016-05-14 22:52:24,宝宝一周岁后用的一直是帮宝适，非常好！
山西,1***2,绿帮大号L164片,钻石会员,来自京东Android客户端,2016-07-02 13:31:04,、、、、、、、、、、、、、、、、、、、、
,e***g,绿帮中号M192片,铜牌会员,来自京东Android客户端,2016-06-18 18:08:05,绝对的正品哦，喜欢中。谢谢
广东,j***8,绿帮中号M192片,金牌会员,来自京东iPhone客户端,2016-07-06 10:28:36,又买了一箱，一直用这牌子很不错
,e***t,绿帮大号L164片,铜牌会员,来自京东Android客户端,2016-06-18 18:06:19,大品牌，放心。用的舒心。广告了~~~
北京,依***8,绿帮新生儿NB96片,钻石会员, ,2016-07-01 17:24:07,还可以的还可以的还可以的
山东,j***鱼,绿帮中号M192片,金牌会员,来自京东Android客户端,2016-05-21 07:47:38,性价比高  一直换了好几个牌子  这个用的不少
,e***i,绿帮加大号XL128片,铜牌会员,来自京东Android客户端,2016-06-18 17:59:41,喜欢 美丽 大方，太喜欢了，送个他了
,e***r,绿帮中号M192片,金牌会员,来自京东Android客户端,2016-06-18 17:53:51,哦哦 这么回事啊 好东西，大家买吧
,e***k,绿帮大号L164片,铜牌会员,来自京东Android客户端,2016-06-18 17:55:44,下次还继续来买一个，京东就是划算。
,j***4,绿帮小号S164片,钻石会员,来自京东iPhone客户端,2016-06-14 12:08:00,一直在这里买、便宜实惠！
,e***y,绿帮中号M192片,铜牌会员,来自京东Android客户端,2016-06-18 17:52:40,我就是比较满意这个商品的
,e***m,绿帮加大号XL128片,金牌会员,来自京东Android客户端,2016-06-18 17:55:17,买着个就真是对的啊  哈哈
广东,j***q,绿帮新生儿NB96片,钻石会员,来自京东Android客户端,2016-06-10 23:47:21,！！！
,e***b,绿帮中号M192片,金牌会员,来自京东Android客户端,2016-06-18 17:54:41,喜欢的好东东，推荐给大家！
,1***p,绿帮大号L164片,银牌会员,来自微信购物,2016-07-04 00:54:59,我是一位宝妈妈，知道生完宝宝后，身材变形内心的痛，想知道宝妈速变女神的秘诀，加我V：hj769926144我们一起探讨瘦身的秘密
,j***s,绿帮中号M192片,金牌会员,来自京东iPhone客户端,2016-07-05 12:09:34,划算
,e***q,绿帮大号L164片,金牌会员,来自京东Android客户端,2016-06-18 17:46:49,你说好 我就说好 没办法啊
,e***w,绿帮加大号XL128片,铜牌会员,来自京东Android客户端,2016-06-18 17:48:14,喜欢的东西 就是好啊
,e***z,绿帮加大号XL128片,金牌会员,来自京东Android客户端,2016-06-18 17:45:12,质量还可以 先用着，以后再说
,e***k,绿帮加大号XL128片,铜牌会员,来自京东Android客户端,2016-06-18 17:42:33,物美价廉 值得信赖 喜欢 超级喜欢
江苏,j***6,绿帮大号L164片,银牌会员, ,2016-07-03 19:48:39,东西不错，用着放心，值得购买。
广东,j***7,绿帮小号S164片,钻石会员,来自京东iPhone客户端,2016-07-05 10:38:04,可以，速度快
,e***r,绿帮加大号XL128片,铜牌会员,来自京东Android客户端,2016-06-18 17:32:19,物超所值啊 东西很好哦。。。。。
,e***z,绿帮大号L164片,铜牌会员,来自京东Android客户端,2016-06-18 17:33:54,买之前也忐忑了很久，用了之后就踏实了。确实不错
,e***o,绿帮中号M192片,铜牌会员,来自京东Android客户端,2016-06-18 17:40:25,质量很好，用起来非常的舒服。。
,e***s,绿帮大号L164片,铜牌会员,来自京东Android客户端,2016-06-18 17:33:09,正在使用没发现缺点，比超市便宜 值得购买
,e***z,绿帮大号L164片,金牌会员,来自京东Android客户端,2016-06-18 17:34:57,很上档次，很成熟非常好，没有异味
,e***w,绿帮中号M192片,铜牌会员,来自京东Android客户端,2016-06-18 17:31:49,很有型，很正。值得购买，喜欢就买吧
河北,s***g,干爽拉拉裤加加大码XXL50片,钻石会员,来自京东Android客户端,2016-07-02 21:07:38,京东服务没得说！我家是京东忠实用户！
,e***g,绿帮大号L164片,铜牌会员,来自京东Android客户端,2016-06-18 17:39:40,不知道效果如何，至少心里踏实点
,j***z,绿帮大号L164片,铜牌会员,来自京东Android客户端,2016-04-18 20:02:32,买了好多次了，一直在用放心
,j***6,干爽拉拉裤加加大码XXL50片,银牌会员,来自京东Android客户端,2016-07-06 10:33:48,一直都用挺好的，送货也很快，不错！
,j***z,绿帮大号L164片,铜牌会员,来自京东Android客户端,2016-06-03 14:14:44,一直在用沒有出现过过敏
,j***n,绿帮大号L164片,铜牌会员,来自京东Android客户端,2016-05-14 13:28:45,我家宝宝一直用这个，很不错
,j***i,绿帮中号M192片,银牌会员,来自京东Android客户端,2016-06-28 10:33:07,还可以。经济又实惠
广东,a***凉,绿帮小号S164片,钻石会员,来自京东iPhone客户端,2016-07-03 20:20:54,好评，比超市便宜
,j***a,绿帮新生儿NB96片,铜牌会员,来自京东Android客户端,2016-06-10 10:48:26,质量很好。
,j***q,干爽拉拉裤大码L84片,铜牌会员,来自京东Android客户端,2016-07-05 19:30:03,东东看的很不错哦?
,V***N,绿帮大号L164片,银牌会员,来自京东Android客户端,2016-06-28 21:47:05,还不错
,1***p,绿帮小号S164片,铜牌会员,来自京东Android客户端,2016-07-05 13:19:02,快递员态度非常好，很满意
广东,j***4,干爽拉拉裤中码M94片,金牌会员,来自京东iPhone客户端,2016-07-05 22:03:59,不错
四川,L***1,绿帮大号L164片,银牌会员,来自京东Android客户端,2016-04-15 22:57:37,帮别人买，反应好，评价晚了些
湖南,回***T,绿帮大号L164片,银牌会员,来自京东Android客户端,2016-06-15 18:27:33,宝贝比在商场买便宜多了，非常不错。
贵州,瘦***了,绿帮中号M192片,银牌会员,来自京东Android客户端,2016-04-19 12:05:46,很好很好    质量还可以吧
,央***兮,绿帮大号L164片,银牌会员, ,2016-06-18 22:53:59,111
贵州,瘦***了,绿帮大号L164片,银牌会员,来自京东Android客户端,2016-07-03 23:25:06,这牌子的用起挺好的   都用半年了
河北,g***3,绿帮新生儿NB96片,银牌会员,来自京东Android客户端,2016-06-27 18:29:20,挺好
北京,r***1,绿帮小号S164片,银牌会员, ,2016-06-15 08:18:57,价廉物美 宝贝一直在用这个牌子，很满意。
,j***s,绿帮小号S164片,银牌会员,来自京东Android客户端,2016-07-06 08:24:25,第二次购买了，很好用
,你若懂范,绿帮中号M192片,铜牌会员,来自京东iPhone客户端,2016-07-05 22:25:58,说好的多送四片呢？感觉跟前几次买的不太一样，以前箱子上都有京东的胶带，现在是透明的？一点看不出来是京东的货
湖南,回***T,绿帮大号L164片,银牌会员,来自京东Android客户端,2016-04-12 20:39:50,发货速度神速，包装很严实，质量绝对好，下次还会再来。
,Z***W,干爽拉拉裤大码L84片,银牌会员,来自微信购物,2016-07-04 19:06:49,好用。。。。
,Z***1,绿帮大号L164片,银牌会员,来自京东Android客户端,2016-06-18 23:04:28,第二次购买，很好！
,x***A,绿帮大号L164片,铜牌会员,来自微信购物,2016-05-15 16:03:58,第一次在京东买纸尿裤非常满意的一次购物下次继续光顾快递很给力
福建,j***a,绿帮大号L164片,铜牌会员,来自京东iPhone客户端,2016-07-02 12:54:10,一直在京东买，还不错，方便
,李***_,绿帮加大号XL128片,金牌会员,来自京东Android客户端,2016-07-02 11:49:44,大品牌品质有保障，满意
河北,a***i,干爽拉拉裤中码M94片,银牌会员,来自京东iPhone客户端,2016-05-14 20:36:30,这次买的不太好，有味道起坨
,j***4,绿帮新生儿NB96片,银牌会员,来自京东Android客户端,2016-06-26 15:00:21,??
,j***q,干爽拉拉裤大码L84片,铜牌会员,来自京东Android客户端,2016-07-06 10:31:32,好评五星
黑龙江,上***7,绿帮加大号XL128片,钻石会员, ,2016-06-14 17:46:35,还可以，质量不错，大品牌。
河北,j***虎,干爽拉拉裤中码M94片,铜牌会员,来自京东Android客户端,2016-07-05 07:20:36,还没用。看着不错
广东,j***p,绿帮大号L164片,金牌会员, ,2016-06-18 22:20:24,一直都用帮宝适的产品！质量值得信赖！希望买的时候会遇上搞促销!呵呵！
,P***C,绿帮加大号XL128片,金牌会员,来自京东iPhone客户端,2016-07-05 16:06:46,我家龙凤胎宝宝一直用这个牌子的！很好用！比别的牌子的都好
北京,拇***国,干爽拉拉裤大码L84片,钻石会员,来自京东Android客户端,2016-06-14 22:57:10,好好好
广东,豆***6,绿帮大号L164片,金牌会员,来自京东Android客户端,2016-04-29 12:16:52,一直都在用，好，送货快
,j***r,绿帮大号L164片,金牌会员,来自京东Android客户端,2016-07-05 20:53:41,挺好的，适合夏天用
安徽,浅***风,绿帮加大号XL128片,银牌会员,来自京东Android客户端,2016-06-26 21:58:14,实惠有用，质量与实体店差不多，很好
广东,罗***7,绿帮中号M192片,银牌会员,来自微信购物,2016-06-21 19:12:32,还可以，新包装是比我在超市买的薄，现在夏天用刚好，还有尿液显示线。又经济实惠，最重要的是BB不过敏
,j***9,绿帮小号S164片,银牌会员,来自京东Android客户端,2016-05-14 12:41:29,第四次买了
,j***n,绿帮大号L164片,银牌会员,来自京东Android客户端,2016-07-05 15:26:34,挺好，又快！
,j***1,绿帮小号S164片,铜牌会员,来自京东Android客户端,2016-06-20 03:54:14,比好奇的大不错
广东,j***0,绿帮加大号XL128片,金牌会员,来自京东iPhone客户端,2016-05-17 20:46:17,很实惠，质量都不错，孩子穿了也没什么不适。
广西,c***3,干爽拉拉裤大码L84片,钻石会员,来自京东Android客户端,2016-06-23 19:31:58,儿子喜欢穿，买了很多包了。
江苏,x***l,绿帮加大号XL128片,金牌会员,来自京东iPhone客户端,2016-06-30 23:22:52,好，一直用这个
,j***g,绿帮大号L164片,银牌会员,来自京东Android客户端,2016-07-06 00:06:07,值得赞一个
山东,b***7,绿帮加大号XL128片,钻石会员, ,2016-06-15 16:18:53,商品质量很好，正品
,j***j,干爽拉拉裤加大码XL72片,银牌会员,来自京东iPhone客户端,2016-07-05 16:38:01,还行吧，还行吧，还行吧。
四川,泡沫魂,干爽拉拉裤大码L84片,银牌会员,来自京东iPhone客户端,2016-07-04 19:14:10,夏天用很合适，很薄！也比较能吸尿！一整夜一片就可以了，用两片也划算哈！价格很实惠！
北京,超***R,干爽拉拉裤大码L84片,钻石会员,来自京东iPhone客户端,2016-06-29 22:46:55,还是不错的
上海,j***燕,绿帮中号M192片,金牌会员,来自京东Android客户端,2016-07-06 08:33:54,一直在用哦
山东,唤***涌,干爽拉拉裤加大码XL72片,铜牌会员,来自京东Android客户端,2016-06-08 21:03:41,喜欢 美丽 大方，太喜欢了，送个他了
北京,s***磊,干爽拉拉裤大码L84片,银牌会员,来自京东iPhone客户端,2016-05-08 09:45:53,质量还不错，下次再买，用着也方便。
,x***7,绿帮小号S164片,铜牌会员,来自京东Android客户端,2016-07-02 10:33:01,非常愉快一次购物。下单第二天就到了！
,j***p,绿帮大号L164片,银牌会员,来自京东iPhone客户端,2016-07-02 14:02:40,很好
湖北,芳***苹,干爽拉拉裤加大码XL72片,铜牌会员,来自京东Android客户端,2016-06-08 20:35:06,绝对的正品哦，喜欢中。谢谢
广东,v***i,绿帮小号S164片,钻石会员,来自京东iPhone客户端,2016-07-04 00:59:31,还可以 满干爽
江苏,兰***荷,绿帮加大号XL128片,银牌会员,来自京东iPhone客户端,2016-04-14 19:35:07,活动价还是很不错滴
江西,j***q,绿帮小号S164片,铜牌会员,来自京东Android客户端,2016-06-13 11:34:36,宝宝用的不红屁屁&hellip;&hellip;一直都在你家买下去
湖南,j***n,绿帮加大号XL128片,金牌会员, ,2016-05-18 22:58:00,一直买这个牌子，很不错，很喜欢，信得过
,j***p,绿帮加大号XL128片,银牌会员,来自京东Android客户端,2016-07-04 17:39:41,我提交了要开发票，为什么没有发给给我
湖南,j***n,绿帮加大号XL128片,金牌会员, ,2016-05-18 22:58:00,一直买这个牌子，很不错，很喜欢，信得过
,j***p,绿帮加大号XL128片,银牌会员,来自京东Android客户端,2016-07-04 17:39:41,我提交了要开发票，为什么没有发给给我
湖南,j***n,绿帮加大号XL128片,金牌会员, ,2016-06-06 09:50:50,一直买这个牌子，很不错，很喜欢，信得过
江苏,叶***1,绿帮大号L164片,金牌会员,来自京东Android客户端,2016-06-18 19:47:50,一直用白帮，最近用的比较多就换绿帮了，换的勤也一样
上海,flydog1979,绿帮大号L164片,钻石会员,来自京东Android客户端,2016-06-19 18:13:38,感觉一般般，不如日本牌子。
江苏,H***6,绿帮大号L164片,银牌会员,来自京东Android客户端,2016-07-05 09:06:04,棒棒哒，我家宝宝用了很清爽，超薄的
海南,冉***5,绿帮小号S164片,银牌会员,来自京东Android客户端,2016-07-05 18:43:40,挺不错，一直都在东京买的尿不湿，湿纸巾也是！发货快！比外面便宜很多！
北京,张***么,绿帮加大号XL128片,钻石会员,来自京东iPhone客户端,2016-04-11 22:32:33,。。。。。。。。。。。。。。。
北京,m***o,绿帮中号M192片,钻石会员,来自京东iPhone客户端,2016-07-04 10:59:09,很好用，挺薄的，京东太便宜了，赞
,匡***志,绿帮新生儿NB96片,钻石会员,来自京东Android客户端,2016-07-05 11:40:29,还不错宝宝一直用帮宝适的好评好评好评好评好评
广东,流***待,绿帮加大号XL128片,钻石会员,来自京东iPhone客户端,2016-07-02 22:47:17,挺好的，多次购买，方便快捷。
上海,祸***0,绿帮加大号XL128片,钻石会员, ,2016-06-13 15:43:45,很喜欢，正品
,j***l,干爽拉拉裤加大码XL72片,铜牌会员,来自京东Android客户端,2016-06-28 20:13:35,挺好的
,j***l,干爽拉拉裤大码L84片,铜牌会员,来自京东Android客户端,2016-06-28 20:13:35,挺好的
,pLbuANmetXvC,绿帮小号S164片,铜牌会员,来自微信购物,2016-07-06 06:25:32,第一次买，挺好的，物流也很好
黑龙江,z***9,绿帮大号L164片,铜牌会员,来自京东Android客户端,2016-06-13 10:38:01,挺好的
北京,j***v,绿帮大号L164片,金牌会员, ,2016-07-03 12:57:50,两次购买的包装不一样，日期批号字体不一样，纸尿裤也不一样（第一次买的有黄色尿湿线，第二次买的没有，同是L号的，两次购买间隔1个半月。好膈应）。快递很快，东西不满意，不满意！
河北,辛***娜,干爽拉拉裤加大码XL72片,银牌会员,来自京东iPhone客户端,2016-06-08 21:29:00,一直用的这个牌子，都买好几次了
河北,小***男,绿帮大号L164片,金牌会员,来自京东iPhone客户端,2016-05-05 08:52:08,一直用这个牌子，好用
,j***z,绿帮大号L164片,铜牌会员,来自微信购物,2016-07-04 10:31:03,非常好，下次就在这家买了
北京,j***1,绿帮大号L164片,钻石会员,来自京东iPhone客户端,2016-06-22 07:54:18,常客
黑龙江,小***0,干爽拉拉裤加大码XL72片,金牌会员,来自京东iPhone客户端,2016-07-05 17:00:46,不错！拿回来就用了！给予好评！还会继续购买
江西,l***7,干爽拉拉裤加加大码XXL50片,钻石会员,来自京东iPhone客户端,2016-04-07 12:35:30,一直购买这个牌子，一如既往的好！
江西,l***7,干爽拉拉裤加加大码XXL50片,钻石会员,来自京东iPhone客户端,2016-06-16 10:23:31,一直购买这个牌子，一如既往的好！
广东,1***m,绿帮加大号XL128片,金牌会员, ,2016-05-05 09:25:44,非常好 只是这次想换个品牌试试看
,v***e,绿帮加大号XL128片,银牌会员,来自微信购物,2016-06-19 10:42:16,这次快递有点慢，没之前快
,姓***子,绿帮加大号XL128片,金牌会员, ,2016-06-13 15:02:43,包装好 质量也好 我很喜欢
贵州,6***9,绿帮新生儿NB96片,银牌会员,来自京东Android客户端,2016-07-03 10:35:46,比较实惠
,c***7,绿帮加大号XL128片,钻石会员,来自京东iPhone客户端,2016-05-16 08:20:11,用了2年多了，一睡到天亮
广东,b***t,绿帮小号S164片,铜牌会员,来自京东iPhone客户端,2016-07-06 00:29:09,还不错吧 小宝贝一直都在用帮宝适?
广东,j***0,绿帮加大号XL128片,金牌会员,来自京东iPhone客户端,2016-05-17 20:46:17,很实惠，质量都不错，孩子穿了也没什么不适。
广西,c***3,干爽拉拉裤大码L84片,钻石会员,来自京东Android客户端,2016-06-23 19:31:58,儿子喜欢穿，买了很多包了。
江苏,x***l,绿帮加大号XL128片,金牌会员,来自京东iPhone客户端,2016-06-30 23:22:52,好，一直用这个
,j***g,绿帮大号L164片,银牌会员,来自京东Android客户端,2016-07-06 00:06:07,值得赞一个
山东,b***7,绿帮加大号XL128片,钻石会员, ,2016-06-15 16:18:53,商品质量很好，正品
,j***j,干爽拉拉裤加大码XL72片,银牌会员,来自京东iPhone客户端,2016-07-05 16:38:01,还行吧，还行吧，还行吧。
四川,泡沫魂,干爽拉拉裤大码L84片,银牌会员,来自京东iPhone客户端,2016-07-04 19:14:10,夏天用很合适，很薄！也比较能吸尿！一整夜一片就可以了，用两片也划算哈！价格很实惠！
北京,超***R,干爽拉拉裤大码L84片,钻石会员,来自京东iPhone客户端,2016-06-29 22:46:55,还是不错的
上海,j***燕,绿帮中号M192片,金牌会员,来自京东Android客户端,2016-07-06 08:33:54,一直在用哦
山东,唤***涌,干爽拉拉裤加大码XL72片,铜牌会员,来自京东Android客户端,2016-06-08 21:03:41,喜欢 美丽 大方，太喜欢了，送个他了
北京,s***磊,干爽拉拉裤大码L84片,银牌会员,来自京东iPhone客户端,2016-05-08 09:45:53,质量还不错，下次再买，用着也方便。
,x***7,绿帮小号S164片,铜牌会员,来自京东Android客户端,2016-07-02 10:33:01,非常愉快一次购物。下单第二天就到了！
,j***p,绿帮大号L164片,银牌会员,来自京东iPhone客户端,2016-07-02 14:02:40,很好
湖北,芳***苹,干爽拉拉裤加大码XL72片,铜牌会员,来自京东Android客户端,2016-06-08 20:35:06,绝对的正品哦，喜欢中。谢谢
广东,v***i,绿帮小号S164片,钻石会员,来自京东iPhone客户端,2016-07-04 00:59:31,还可以 满干爽
江苏,兰***荷,绿帮加大号XL128片,银牌会员,来自京东iPhone客户端,2016-04-14 19:35:07,活动价还是很不错滴
江西,j***q,绿帮小号S164片,铜牌会员,来自京东Android客户端,2016-06-13 11:34:36,宝宝用的不红屁屁&hellip;&hellip;一直都在你家买下去
湖南,j***n,绿帮加大号XL128片,金牌会员, ,2016-05-18 22:58:00,一直买这个牌子，很不错，很喜欢，信得过
,j***p,绿帮加大号XL128片,银牌会员,来自京东Android客户端,2016-07-04 17:39:41,我提交了要开发票，为什么没有发给给我
湖南,j***n,绿帮加大号XL128片,金牌会员, ,2016-06-06 09:50:50,一直买这个牌子，很不错，很喜欢，信得过
江苏,叶***1,绿帮大号L164片,金牌会员,来自京东Android客户端,2016-06-18 19:47:50,一直用白帮，最近用的比较多就换绿帮了，换的勤也一样
上海,flydog1979,绿帮大号L164片,钻石会员,来自京东Android客户端,2016-06-19 18:13:38,感觉一般般，不如日本牌子。
江苏,H***6,绿帮大号L164片,银牌会员,来自京东Android客户端,2016-07-05 09:06:04,棒棒哒，我家宝宝用了很清爽，超薄的
海南,冉***5,绿帮小号S164片,银牌会员,来自京东Android客户端,2016-07-05 18:43:40,挺不错，一直都在东京买的尿不湿，湿纸巾也是！发货快！比外面便宜很多！
北京,张***么,绿帮加大号XL128片,钻石会员,来自京东iPhone客户端,2016-04-11 22:32:33,。。。。。。。。。。。。。。。
北京,m***o,绿帮中号M192片,钻石会员,来自京东iPhone客户端,2016-07-04 10:59:09,很好用，挺薄的，京东太便宜了，赞
,匡***志,绿帮新生儿NB96片,钻石会员,来自京东Android客户端,2016-07-05 11:40:29,还不错宝宝一直用帮宝适的好评好评好评好评好评
广东,流***待,绿帮加大号XL128片,钻石会员,来自京东iPhone客户端,2016-07-02 22:47:17,挺好的，多次购买，方便快捷。
上海,祸***0,绿帮加大号XL128片,钻石会员, ,2016-06-13 15:43:45,很喜欢，正品
,j***l,干爽拉拉裤加大码XL72片,铜牌会员,来自京东Android客户端,2016-06-28 20:13:35,挺好的
,j***l,干爽拉拉裤大码L84片,铜牌会员,来自京东Android客户端,2016-06-28 20:13:35,挺好的
,pLbuANmetXvC,绿帮小号S164片,铜牌会员,来自微信购物,2016-07-06 06:25:32,第一次买，挺好的，物流也很好
黑龙江,z***9,绿帮大号L164片,铜牌会员,来自京东Android客户端,2016-06-13 10:38:01,挺好的
北京,j***v,绿帮大号L164片,金牌会员, ,2016-07-03 12:57:50,两次购买的包装不一样，日期批号字体不一样，纸尿裤也不一样（第一次买的有黄色尿湿线，第二次买的没有，同是L号的，两次购买间隔1个半月。好膈应）。快递很快，东西不满意，不满意！
河北,辛***娜,干爽拉拉裤加大码XL72片,银牌会员,来自京东iPhone客户端,2016-06-08 21:29:00,一直用的这个牌子，都买好几次了
河北,小***男,绿帮大号L164片,金牌会员,来自京东iPhone客户端,2016-05-05 08:52:08,一直用这个牌子，好用
,j***z,绿帮大号L164片,铜牌会员,来自微信购物,2016-07-04 10:31:03,非常好，下次就在这家买了
北京,j***1,绿帮大号L164片,钻石会员,来自京东iPhone客户端,2016-06-22 07:54:18,常客
黑龙江,小***0,干爽拉拉裤加大码XL72片,金牌会员,来自京东iPhone客户端,2016-07-05 17:00:46,不错！拿回来就用了！给予好评！还会继续购买
江西,l***7,干爽拉拉裤加加大码XXL50片,钻石会员,来自京东iPhone客户端,2016-04-07 12:35:30,一直购买这个牌子，一如既往的好！
江西,l***7,干爽拉拉裤加加大码XXL50片,钻石会员,来自京东iPhone客户端,2016-06-16 10:23:31,一直购买这个牌子，一如既往的好！
广东,1***m,绿帮加大号XL128片,金牌会员, ,2016-05-05 09:25:44,非常好 只是这次想换个品牌试试看
,v***e,绿帮加大号XL128片,银牌会员,来自微信购物,2016-06-19 10:42:16,这次快递有点慢，没之前快
,姓***子,绿帮加大号XL128片,金牌会员, ,2016-06-13 15:02:43,包装好 质量也好 我很喜欢
贵州,6***9,绿帮新生儿NB96片,银牌会员,来自京东Android客户端,2016-07-03 10:35:46,比较实惠
,c***7,绿帮加大号XL128片,钻石会员,来自京东iPhone客户端,2016-05-16 08:20:11,用了2年多了，一睡到天亮
广东,b***t,绿帮小号S164片,铜牌会员,来自京东iPhone客户端,2016-07-06 00:29:09,还不错吧 小宝贝一直都在用帮宝适?
,j***7,绿帮大号L164片,银牌会员,来自微信购物,2016-07-05 17:33:01,挺好的，多次购买了，宝宝用着舒服，我也安心，快递哥哥也挺好的，给个赞！
山西,7***m,绿帮大号L164片,银牌会员,来自京东Android客户端,2016-04-14 09:22:15,很不错，已经买了很多次了！
广东,j***4,绿帮加大号XL128片,银牌会员,来自京东iPhone客户端,2016-06-29 20:46:21,正品
,pLbuANmetXvC,绿帮小号S164片,铜牌会员,来自微信购物,2016-07-06 06:25:32,第一次买，挺好的，物流也很好
黑龙江,z***9,绿帮大号L164片,铜牌会员,来自京东Android客户端,2016-06-13 10:38:01,挺好的
北京,j***v,绿帮大号L164片,金牌会员, ,2016-07-03 12:57:50,两次购买的包装不一样，日期批号字体不一样，纸尿裤也不一样（第一次买的有黄色尿湿线，第二次买的没有，同是L号的，两次购买间隔1个半月。好膈应）。快递很快，东西不满意，不满意！
河北,辛***娜,干爽拉拉裤加大码XL72片,银牌会员,来自京东iPhone客户端,2016-06-08 21:29:00,一直用的这个牌子，都买好几次了
河北,小***男,绿帮大号L164片,金牌会员,来自京东iPhone客户端,2016-05-05 08:52:08,一直用这个牌子，好用
,j***z,绿帮大号L164片,铜牌会员,来自微信购物,2016-07-04 10:31:03,非常好，下次就在这家买了
北京,j***1,绿帮大号L164片,钻石会员,来自京东iPhone客户端,2016-06-22 07:54:18,常客
黑龙江,小***0,干爽拉拉裤加大码XL72片,金牌会员,来自京东iPhone客户端,2016-07-05 17:00:46,不错！拿回来就用了！给予好评！还会继续购买
江西,l***7,干爽拉拉裤加加大码XXL50片,钻石会员,来自京东iPhone客户端,2016-04-07 12:35:30,一直购买这个牌子，一如既往的好！
江西,l***7,干爽拉拉裤加加大码XXL50片,钻石会员,来自京东iPhone客户端,2016-06-16 10:23:31,一直购买这个牌子，一如既往的好！
广东,1***m,绿帮加大号XL128片,金牌会员, ,2016-05-05 09:25:44,非常好 只是这次想换个品牌试试看
,v***e,绿帮加大号XL128片,银牌会员,来自微信购物,2016-06-19 10:42:16,这次快递有点慢，没之前快
,姓***子,绿帮加大号XL128片,金牌会员, ,2016-06-13 15:02:43,包装好 质量也好 我很喜欢
贵州,6***9,绿帮新生儿NB96片,银牌会员,来自京东Android客户端,2016-07-03 10:35:46,比较实惠
,c***7,绿帮加大号XL128片,钻石会员,来自京东iPhone客户端,2016-05-16 08:20:11,用了2年多了，一睡到天亮
广东,b***t,绿帮小号S164片,铜牌会员,来自京东iPhone客户端,2016-07-06 00:29:09,还不错吧 小宝贝一直都在用帮宝适?
,j***7,绿帮大号L164片,银牌会员,来自微信购物,2016-07-05 17:33:01,挺好的，多次购买了，宝宝用着舒服，我也安心，快递哥哥也挺好的，给个赞！
山西,7***m,绿帮大号L164片,银牌会员,来自京东Android客户端,2016-04-14 09:22:15,很不错，已经买了很多次了！
广东,j***4,绿帮加大号XL128片,银牌会员,来自京东iPhone客户端,2016-06-29 20:46:21,正品
,j***x,绿帮加大号XL128片,铜牌会员,来自京东Android客户端,2016-05-30 19:16:16,今天是你们立刻跨进巨魔露露默默鼓励理论界目录来看看咯啦啦啦看看呢
广东,l***a,绿帮中号M192片,银牌会员,来自京东Android客户端,2016-07-05 16:44:25,"商品还没拆开使用，平时用开都是这个牌子，应该不错。
下单时网页上写明有赠送4片，收货时却没有，感觉有点失信人心。"
,1***p,绿帮中号M192片,铜牌会员,来自京东Android客户端,2016-06-21 13:34:08,快递很快，和之前买的一样，很满意的购物
,j***n,绿帮中号M192片,铜牌会员,来自京东Android客户端,2016-07-06 08:01:00,感觉还好，比实体店便宜，快递给力。
广东,j***i,绿帮中号M192片,钻石会员,来自京东iPhone客户端,2016-05-29 16:14:22,好好好好好好好好好好好好好好
广东,我***9,绿帮中号M192片,钻石会员,来自京东iPhone客户端,2016-07-03 18:28:32,好，已多次购买。
,6***7,绿帮小号S164片,银牌会员,来自京东iPhone客户端,2016-04-10 15:35:30,还蛮好的，薄薄的，一大袋能用很久。
广东,j***u,绿帮加大号XL128片,钻石会员,来自京东Android客户端,2016-06-18 15:14:53,不错
广东,j***8,绿帮中号M192片,银牌会员,来自京东iPhone客户端,2016-05-13 17:46:15,己经第三次买了，价钱便宜而且不用自己去超市，方便，直接到楼下，第二天就到了，质量很好。
,大***5,干爽拉拉裤中码M94片,银牌会员,来自京东Android客户端,2016-06-16 23:19:15,这个还没有用上  看起来不错
,犇***犇,干爽拉拉裤大码L84片,银牌会员, ,2016-07-01 00:05:31,拉拉裤还不错，98块84片，差不多跟纸尿裤的价钱了，不红屁股，不漏尿。
,大***5,绿帮小号S164片,银牌会员,来自京东Android客户端,2016-06-16 23:19:15,帮宝适相对一般般   有气味是不知道为什么  反正不侧漏还好用
辽宁,乄***旓,绿帮小号S164片,金牌会员, ,2016-05-31 22:55:43,买了很多了，就是价格比较实惠，而且薄点夏天容易透气。。。
,k***p,绿帮加大号XL128片,银牌会员,来自手机QQ购物,2016-06-12 20:31:11,618买的，价格很实惠
广东,j***i,绿帮中号M192片,钻石会员,来自京东iPhone客户端,2016-06-27 22:08:12,好好好好好好好好好好好
湖南,痴***鱼,绿帮新生儿NB96片,金牌会员,来自京东iPhone客户端,2016-07-03 22:40:03,使用中
,z***钟,绿帮中号M192片,铜牌会员,来自京东Android客户端,2016-07-05 20:07:47,一直都是好货
,1***0,绿帮小号S164片,银牌会员,来自京东iPhone客户端,2016-07-05 19:30:29,怎么闻着有点味道的，还是就是这样的
北京,j***2,干爽拉拉裤加大码XL72片,金牌会员,来自京东iPhone客户端,2016-04-11 23:07:03,大品牌已经多次购买了，宝宝很喜欢
北京,j***2,干爽拉拉裤加大码XL72片,金牌会员,来自京东iPhone客户端,2016-05-19 08:30:18,大品牌已经多次购买了
北京,j***2,干爽拉拉裤加大码XL72片,金牌会员,来自京东iPhone客户端,2016-06-28 20:59:08,好用，大品牌已经多次购买了
,e***F,干爽拉拉裤中码M94片,铜牌会员,来自微信购物,2016-07-05 20:07:08,第一次在网上买尿不湿，是正品不错，快递十分给力，昨晚十点下的单，今天下午就到，以后就在京东这家买了
广东,丁***咪,干爽拉拉裤中码M94片,金牌会员,来自京东iPhone客户端,2016-07-06 10:30:37,第一次买，看着还可以，要用过才知道会不会红屁股！
上海,糖***n,干爽拉拉裤大码L84片,钻石会员,来自京东iPhone客户端,2016-06-29 10:12:15,以前一直在别的网站上买东西，频率和现在使用京东差不多，一周最起码要一到两次。邻居都说我除了人，其他都可以网购了。帮宝适拉拉裤从孩子十九个月开始几乎一直在穿。和好奇金装其实质量差不多，性价比更高一些。近两年的使用过程中，换了很多牌子，妈咪宝贝性价比也很高，但是质量没有帮宝适这款好，宝宝会红屁股。最好的体验就是好奇铂金装。就是太贵了，京东送货时间没话说，一直很快，有时候当天就到，**一般都是隔天的。态度也很好，总是很客气，对我这种有些情绪化的人，京东已经成为了购物首选
湖南,黄***C,绿帮中号M192片,金牌会员, ,2016-04-09 20:48:48,不错 不错 不错 还可以还可以
浙江,e***2,干爽拉拉裤大码L84片,钻石会员,来自京东iPhone客户端,2016-05-24 16:14:13,非常好，儿子用着很舒服，下次继续购买
安徽,j***2,干爽拉拉裤加大码XL72片,钻石会员, ,2016-06-16 19:10:34,"还行·~~~~~~
京东商品，值得信赖，价格给力。不错，good！"
广东,j***d,绿帮大号L164片,银牌会员,来自京东Android客户端,2016-06-02 08:35:45,一直在京东买，好
山东,百***主,干爽拉拉裤中码M94片,银牌会员,来自京东iPhone客户端,2016-07-05 20:04:46,足不出户逛超市，次日达真给力，爱京东～～～～～
,k***d,绿帮中号M192片,铜牌会员,来自微信购物,2016-06-14 22:12:51,合适！但是要是多点赠品更好了
广东,7***洪,绿帮新生儿NB96片,钻石会员,来自京东Android客户端,2016-06-13 11:22:33,555555555555555555555555555555
,幸***人,绿帮小号S164片,银牌会员,来自京东Android客户端,2016-07-03 23:14:46,好
上海,j***l,干爽拉拉裤中码M94片,金牌会员,来自京东iPhone客户端,2016-07-06 08:37:24,东西不锚，支持一下
,j***3,干爽拉拉裤加大码XL72片,铜牌会员,来自京东Android客户端,2016-06-26 17:24:02,还没用呢
,迷***5,绿帮大号L164片,金牌会员, ,2016-04-12 22:34:40,一直用这个，目前为止发现最低价也就199，期待更优惠。
,迷途185,绿帮大号L164片,金牌会员, ,2016-06-06 20:03:34,一直用这个，每次都要看下是否有特价，最近天气原因吧，京东也不再那么给力了，具体也不清楚是不是这次的，有几次急用的时候，说好的次日到，京东人员打算隔日送，不过最后还是被我电话强行要求送了。有点不愉快。
,j***k,绿帮中号M192片,银牌会员,来自京东Android客户端,2016-04-13 03:27:27,他咯五兔兔咯图吐了咯哦吐吐沫突击考虑图他咯兔兔哦五天啦咯啦咯啦
,7***5,绿帮新生儿NB96片,金牌会员,来自京东iPhone客户端,2016-05-30 12:25:02,一般，不够软，但够薄，没有出现露尿的情况，也没有出现红屁股
,j***k,绿帮中号M192片,银牌会员,来自京东Android客户端,2016-06-04 23:08:03,啦咯来咯理论理论葵花咯啦咯啦啦咯来咯理论理论啦咯来咯理论理论啦咯来咯理论理论
,辣***花,绿帮中号M192片,金牌会员,来自京东Android客户端,2016-06-30 09:40:54,信赖京东的速度，非常快
,h***萱,绿帮新生儿NB96片,金牌会员,来自京东Android客户端,2016-05-05 22:40:56,还可以
,迷***5,绿帮大号L164片,金牌会员, ,2016-04-12 22:34:40,一直用这个，目前为止发现最低价也就199，期待更优惠。
,迷途185,绿帮大号L164片,金牌会员, ,2016-06-06 20:03:34,一直用这个，每次都要看下是否有特价，最近天气原因吧，京东也不再那么给力了，具体也不清楚是不是这次的，有几次急用的时候，说好的次日到，京东人员打算隔日送，不过最后还是被我电话强行要求送了。有点不愉快。
,j***k,绿帮中号M192片,银牌会员,来自京东Android客户端,2016-04-13 03:27:27,他咯五兔兔咯图吐了咯哦吐吐沫突击考虑图他咯兔兔哦五天啦咯啦咯啦
,7***5,绿帮新生儿NB96片,金牌会员,来自京东iPhone客户端,2016-05-30 12:25:02,一般，不够软，但够薄，没有出现露尿的情况，也没有出现红屁股
,j***k,绿帮中号M192片,银牌会员,来自京东Android客户端,2016-06-04 23:08:03,啦咯来咯理论理论葵花咯啦咯啦啦咯来咯理论理论啦咯来咯理论理论啦咯来咯理论理论
,辣***花,绿帮中号M192片,金牌会员,来自京东Android客户端,2016-06-30 09:40:54,信赖京东的速度，非常快
,h***萱,绿帮新生儿NB96片,金牌会员,来自京东Android客户端,2016-05-05 22:40:56,还可以
,j***g,干爽拉拉裤中码M94片,铜牌会员,来自京东Android客户端,2016-07-04 19:48:49,。。。。。。。。。。。。。
辽宁,j***f,干爽拉拉裤加大码XL72片,金牌会员,来自京东iPhone客户端,2016-06-18 22:38:25,挺好
,h***萱,绿帮新生儿NB96片,金牌会员,来自京东Android客户端,2016-05-25 12:29:47,还可以
广东,j***g,绿帮大号L164片,金牌会员,来自京东Android客户端,2016-07-03 22:26:38,一直都在用
广东,j***g,绿帮中号M192片,金牌会员,来自京东Android客户端,2016-05-02 23:08:57,一如既往的好
,j***z,干爽拉拉裤加加大码XXL50片,铜牌会员,来自京东Android客户端,2016-04-16 09:27:11,好用
,h***萱,绿帮小号S164片,金牌会员,来自京东Android客户端,2016-05-25 12:29:47,还可以，就是买多了
广东,m***g,干爽拉拉裤大码L84片,钻石会员,来自京东Android客户端,2016-07-05 18:31:22,宝宝一直都用他不错
,j***e,干爽拉拉裤中码M94片,银牌会员,来自京东iPhone客户端,2016-07-05 12:34:28,一直在东京购买！
,j***z,干爽拉拉裤加加大码XXL50片,铜牌会员,来自京东Android客户端,2016-05-10 23:04:12,一直都用、很好
安徽,以***滴,绿帮大号L164片,银牌会员,来自京东iPhone客户端,2016-07-06 08:54:48,我的人生是的我的人生
山东,江***酒,绿帮加大号XL128片,钻石会员, ,2016-06-14 19:15:24,品牌不错，发货快。
,羿***咪,干爽拉拉裤加大码XL72片,银牌会员,来自京东iPhone客户端,2016-07-03 08:00:31,比好奇拉拉裤好用，不错，那天在沃尔玛看了特价118元，在京东买比较优惠一点。
,羿***咪,干爽拉拉裤加大码XL72片,银牌会员,来自京东iPhone客户端,2016-07-03 08:00:31,比好奇拉拉裤好用，不错，那天在沃尔玛看了特价118元，在京东买比较优惠一点。
,j***z,干爽拉拉裤加加大码XXL50片,铜牌会员,来自京东Android客户端,2016-06-04 01:32:42,一直在用、很好
广东,j***b,绿帮中号M192片,金牌会员,来自京东iPhone客户端,2016-07-03 15:44:31,.
甘肃,瑞是一片云,干爽拉拉裤加加大码XXL50片,金牌会员,来自京东Android客户端,2016-06-15 17:32:04,每月两到三包，一直在用这个。
北京,落***7,绿帮加大号XL128片,钻石会员, ,2016-06-14 19:33:00,很好
广东,j***i,绿帮加大号XL128片,金牌会员,来自京东Android客户端,2016-07-05 20:24:39,好用
,j***z,干爽拉拉裤加加大码XXL50片,铜牌会员,来自京东Android客户端,2016-07-06 00:58:14,东西很好用
,h***萱,绿帮小号S164片,金牌会员,来自京东Android客户端,2016-06-18 17:46:41,东西还可以，就是没用多久，宝宝用就感觉有点小了
山东,碎***雨,绿帮新生儿NB96片,金牌会员,来自京东iPhone客户端,2016-06-11 08:57:26,不错哦～帮朋友家孩子买的。
,w***4,绿帮中号M192片,金牌会员,来自京东Android客户端,2016-07-02 09:43:27,一天就到货，质量挺好，下次还买！
陕西,j***a,绿帮小号S164片,铜牌会员,来自京东iPhone客户端,2016-07-04 12:45:47,快递员服务态度很好，东西不错
,蓝***行,绿帮大号L164片,金牌会员,来自京东Android客户端,2016-06-15 10:45:44,好好，赞赞赞赞赞^_^还不错，好好，还行，赞赞赞赞赞
,1***p,绿帮大号L164片,金牌会员,来自京东Android客户端,2016-05-24 11:22:51,质量好，便宜
,s***1,绿帮中号M192片,铜牌会员,来自京东Android客户端,2016-05-23 11:59:32,挺好用的，宝宝红屁股少了很多！
,j***8,干爽拉拉裤大码L84片,铜牌会员,来自京东Android客户端,2016-07-04 19:01:25,很快很好！用完还会再来
广东,z***9,绿帮新生儿NB96片,铜牌会员,来自手机QQ购物,2016-06-10 23:13:58,挺好！挺满意的！暂时用这个牌子了
福建,j***x,绿帮加大号XL128片,金牌会员,来自京东Android客户端,2016-06-12 11:49:15,很划算，很干爽，下次活动记得通知
,jd_139410gxa,干爽拉拉裤加大码XL72片,铜牌会员,来自京东iPhone客户端,2016-07-05 21:26:47,很好，信得过京东和东西，快递小哥特意等我回家，很感谢
,玫***萱,干爽拉拉裤加加大码XXL50片,铜牌会员,来自京东Android客户端,2016-07-04 15:38:36,不错
,j***d,绿帮大号L164片,铜牌会员,来自京东Android客户端,2016-06-12 11:17:40,不错
北京,j***9,干爽拉拉裤加大码XL72片,银牌会员,来自京东iPhone客户端,2016-06-17 23:24:53,东西还可以，物流快，就是有点小贵。总体还可以接受。。。。。。。。。。。。。。。。。。。。。。。。。。。。。。。。。。。。。。。。
北京,小***瓶,干爽拉拉裤加大码XL72片,金牌会员,来自京东iPhone客户端,2016-05-18 22:49:41,儿子一直用这个拉拉裤，觉得还不错
,j***x,绿帮中号M192片,银牌会员,来自京东Android客户端,2016-06-14 10:56:25,买来还没用，包装不错，活动期间买经济实惠～～
,j***g,干爽拉拉裤大码L84片,铜牌会员,来自京东Android客户端,2016-07-05 13:28:25,不错
,j***b,干爽拉拉裤中码M94片,银牌会员,来自京东Android客户端,2016-07-03 19:45:55,大品牌，宝宝用的很舒服。很不错
,o***P,绿帮小号S164片,铜牌会员,来自微信购物,2016-06-29 16:10:14,千万不要买假货，起陀，手一摸都感觉给店里买的不一样，好评那里来的，
广东,f***1,绿帮新生儿NB96片,银牌会员,来自京东Android客户端,2016-05-23 13:19:03,还不错哟，推荐
江苏,h***9,绿帮大号L164片,钻石会员,来自京东Android客户端,2016-06-16 22:25:38,一直用这个牌子，感觉性价比很好！
广东,y***0,绿帮大号L164片,金牌会员,来自京东iPhone客户端,2016-06-14 17:12:25,一直用，国产没有进口好
广东,f***1,绿帮新生儿NB96片,银牌会员,来自京东Android客户端,2016-07-05 23:37:36,还不错，只是宝宝用起来感觉有点偏大，好奇的新生儿款要适合点我家宝宝。
,e***m,绿帮加大号XL128片,金牌会员,来自京东Android客户端,2016-06-18 22:31:46,不知道效果如何，至少心里踏实点
福建,蒋***E,干爽拉拉裤加大码XL72片,银牌会员,来自京东iPhone客户端,2016-07-04 22:20:07,很好，继续购买！！！！！！
山东,j***o,绿帮大号L164片,金牌会员,来自京东iPhone客户端,2016-06-10 08:52:00,好
,e***w,绿帮加大号XL128片,金牌会员,来自京东Android客户端,2016-06-18 22:32:42,使用起来还不错，简单实在的商品
,e***d,绿帮大号L164片,金牌会员,来自京东Android客户端,2016-06-18 21:07:11,样子真心喜欢啊。。太可爱了
,e***q,绿帮大号L164片,铜牌会员,来自京东Android客户端,2016-06-18 22:23:14,很好，如果有更多活动就更好了。还会买。
,e***z,绿帮加大号XL128片,金牌会员,来自京东Android客户端,2016-06-18 22:08:32,东西很快，和以前一样
,e***u,绿帮大号L164片,金牌会员,来自京东Android客户端,2016-06-18 22:07:20,哈哈 终于买到了 好啊，来1个吧
,e***f,绿帮大号L164片,金牌会员,来自京东Android客户端,2016-06-18 20:59:55,好东西 看的舒心 用的方便，哈哈
山东,songxiaopeng,干爽拉拉裤加大码XL72片,钻石会员,来自京东Android客户端,2016-06-11 23:00:01,返潮宝宝屁股湿湿的，一般吧。
广东,S***3,干爽拉拉裤中码M94片,金牌会员,来自京东iPhone客户端,2016-06-11 23:43:04,有点偏小
,e***l,绿帮中号M192片,金牌会员,来自京东Android客户端,2016-06-18 20:56:45,谢谢京东 好东西，不要错过哦
,e***h,绿帮加大号XL128片,铜牌会员,来自京东Android客户端,2016-06-18 20:09:58,真的是不错了啊，喜欢的童鞋速度下单。
江苏,j***i,绿帮大号L164片,银牌会员,来自京东Android客户端,2016-05-25 19:05:37,不错一直买这个
,e***b,绿帮加大号XL128片,金牌会员,来自京东Android客户端,2016-06-18 19:44:22,给朋友买的 很好的，太超值了。
,e***t,绿帮加大号XL128片,金牌会员,来自京东Android客户端,2016-06-18 20:51:50,下次还继续来买一个，京东就是划算。
,e***w,绿帮大号L164片,金牌会员,来自京东Android客户端,2016-06-18 19:40:49,买着个就真是对的啊  哈哈
,馨***粑,绿帮中号M192片,铜牌会员,来自京东iPhone客户端,2016-05-27 08:19:33,继续购入。。。
,M***9,干爽拉拉裤加加大码XXL50片,钻石会员, ,2016-06-24 11:08:13,okkkkkkkkkkkkkkkkkkkkkkkkkkkkkkkkkkkkkkkkkkk
,e***z,绿帮加大号XL128片,铜牌会员,来自京东Android客户端,2016-06-18 19:39:13,哈哈 喜欢 啊哈啊啊，太喜欢了
,e***n,绿帮加大号XL128片,金牌会员,来自京东Android客户端,2016-06-18 19:42:33,真的是很不错哦，太喜欢这东西了！
,e***d,绿帮加大号XL128片,铜牌会员,来自京东Android客户端,2016-06-18 19:33:23,你说好 我就说好 没办法啊
,e***g,绿帮大号L164片,铜牌会员,来自京东Android客户端,2016-06-18 19:40:02,喜欢的东西 就是好啊
,e***j,绿帮大号L164片,金牌会员,来自京东Android客户端,2016-06-18 19:37:57,朋友说非常好 物美价廉
,j***b,绿帮新生儿NB96片,铜牌会员,来自京东Android客户端,2016-07-05 20:40:30,不错，与实际一样，柔软兔兔兔兔兔兔
,馨***粑,绿帮中号M192片,铜牌会员,来自京东iPhone客户端,2016-07-01 12:22:07,确实还不错
,e***b,绿帮中号M192片,铜牌会员,来自京东Android客户端,2016-06-18 19:34:26,物超所值啊 东西很好哦。。。。。
广东,陈***0,绿帮新生儿NB96片,银牌会员,来自京东Android客户端,2016-07-04 22:40:40,刚收到货，还可以。应该是正品
广东,v***9,干爽拉拉裤加大码XL72片,金牌会员,来自京东Android客户端,2016-05-10 22:40:19,还可以，一直都在用
广东,v***9,干爽拉拉裤加加大码XXL50片,金牌会员,来自京东Android客户端,2016-06-03 22:12:47,还可以，一直都在用
,j***i,绿帮大号L164片,银牌会员,来自京东Android客户端,2016-06-30 14:08:13,啊啊啊啊
,e***u,绿帮大号L164片,金牌会员,来自京东Android客户端,2016-06-18 19:23:48,使用起来还不错，简单实在的商品
广东,陈***0,绿帮小号S164片,银牌会员,来自京东Android客户端,2016-07-04 22:40:40,刚收到货，还可以，应该是正品
,j***亽,绿帮加大号XL128片,金牌会员,来自京东iPhone客户端,2016-05-11 23:12:57,不错
,e***u,绿帮加大号XL128片,金牌会员,来自京东Android客户端,2016-06-18 19:09:14,很好，如果有更多活动就更好了。还会买。
,j***y,绿帮新生儿NB96片,铜牌会员,来自京东iPhone客户端,2016-07-04 22:22:02,很不错，第二次使用了。
,e***r,绿帮加大号XL128片,金牌会员,来自京东Android客户端,2016-06-18 22:00:16,喜欢 美丽 大方，太喜欢了，送个他了
,e***s,绿帮加大号XL128片,金牌会员,来自京东Android客户端,2016-06-18 22:00:44,哦哦 这么回事啊 好东西，大家买吧
四川,j***7,绿帮大号L164片,钻石会员,来自京东iPhone客户端,2016-06-18 11:38:43,东西看着还不错，还没来得急用，好期待效果，。
广东,v***9,干爽拉拉裤加加大码XXL50片,金牌会员,来自京东Android客户端,2016-06-26 18:31:12,还可以，一直都在用
,e***t,绿帮加大号XL128片,金牌会员,来自京东Android客户端,2016-06-18 20:51:50,下次还继续来买一个，京东就是划算。
,e***w,绿帮大号L164片,金牌会员,来自京东Android客户端,2016-06-18 19:40:49,买着个就真是对的啊  哈哈
,馨***粑,绿帮中号M192片,铜牌会员,来自京东iPhone客户端,2016-05-27 08:19:33,继续购入。。。
,M***9,干爽拉拉裤加加大码XXL50片,钻石会员, ,2016-06-24 11:08:13,okkkkkkkkkkkkkkkkkkkkkkkkkkkkkkkkkkkkkkkkkkk
,e***z,绿帮加大号XL128片,铜牌会员,来自京东Android客户端,2016-06-18 19:39:13,哈哈 喜欢 啊哈啊啊，太喜欢了
,e***n,绿帮加大号XL128片,金牌会员,来自京东Android客户端,2016-06-18 19:42:33,真的是很不错哦，太喜欢这东西了！
,e***d,绿帮加大号XL128片,铜牌会员,来自京东Android客户端,2016-06-18 19:33:23,你说好 我就说好 没办法啊
,e***g,绿帮大号L164片,铜牌会员,来自京东Android客户端,2016-06-18 19:40:02,喜欢的东西 就是好啊
,e***j,绿帮大号L164片,金牌会员,来自京东Android客户端,2016-06-18 19:37:57,朋友说非常好 物美价廉
,j***b,绿帮新生儿NB96片,铜牌会员,来自京东Android客户端,2016-07-05 20:40:30,不错，与实际一样，柔软兔兔兔兔兔兔
,馨***粑,绿帮中号M192片,铜牌会员,来自京东iPhone客户端,2016-07-01 12:22:07,确实还不错
,e***b,绿帮中号M192片,铜牌会员,来自京东Android客户端,2016-06-18 19:34:26,物超所值啊 东西很好哦。。。。。
广东,陈***0,绿帮新生儿NB96片,银牌会员,来自京东Android客户端,2016-07-04 22:40:40,刚收到货，还可以。应该是正品
广东,v***9,干爽拉拉裤加大码XL72片,金牌会员,来自京东Android客户端,2016-05-10 22:40:19,还可以，一直都在用
广东,v***9,干爽拉拉裤加加大码XXL50片,金牌会员,来自京东Android客户端,2016-06-03 22:12:47,还可以，一直都在用
,j***i,绿帮大号L164片,银牌会员,来自京东Android客户端,2016-06-30 14:08:13,啊啊啊啊
,e***u,绿帮大号L164片,金牌会员,来自京东Android客户端,2016-06-18 19:23:48,使用起来还不错，简单实在的商品
广东,陈***0,绿帮小号S164片,银牌会员,来自京东Android客户端,2016-07-04 22:40:40,刚收到货，还可以，应该是正品
,j***亽,绿帮加大号XL128片,金牌会员,来自京东iPhone客户端,2016-05-11 23:12:57,不错
,e***u,绿帮加大号XL128片,金牌会员,来自京东Android客户端,2016-06-18 19:09:14,很好，如果有更多活动就更好了。还会买。
,j***y,绿帮新生儿NB96片,铜牌会员,来自京东iPhone客户端,2016-07-04 22:22:02,很不错，第二次使用了。
,e***r,绿帮加大号XL128片,金牌会员,来自京东Android客户端,2016-06-18 22:00:16,喜欢 美丽 大方，太喜欢了，送个他了
,e***s,绿帮加大号XL128片,金牌会员,来自京东Android客户端,2016-06-18 22:00:44,哦哦 这么回事啊 好东西，大家买吧
四川,j***7,绿帮大号L164片,钻石会员,来自京东iPhone客户端,2016-06-18 11:38:43,东西看着还不错，还没来得急用，好期待效果，。
广东,v***9,干爽拉拉裤加加大码XXL50片,金牌会员,来自京东Android客户端,2016-06-26 18:31:12,还可以，一直都在用
,1***p,干爽拉拉裤加大码XL72片,金牌会员,来自京东iPhone客户端,2016-06-14 22:52:21,好用
福建,j***f,绿帮大号L164片,铜牌会员,来自微信购物,2016-06-15 11:02:27,很方便，很好用，宝宝用的舒适
安徽,校***0,绿帮加大号XL128片,金牌会员,来自京东Android客户端,2016-04-11 16:20:05,宝宝一周岁后用的一直是帮宝适，物美价廉，非常好！
安徽,校***0,绿帮加大号XL128片,金牌会员,来自京东Android客户端,2016-05-14 22:52:24,宝宝一周岁后用的一直是帮宝适，非常好！
山西,1***2,绿帮大号L164片,钻石会员,来自京东Android客户端,2016-07-02 13:31:04,、、、、、、、、、、、、、、、、、、、、
,e***g,绿帮中号M192片,铜牌会员,来自京东Android客户端,2016-06-18 18:08:05,绝对的正品哦，喜欢中。谢谢
广东,j***8,绿帮中号M192片,金牌会员,来自京东iPhone客户端,2016-07-06 10:28:36,又买了一箱，一直用这牌子很不错
,e***t,绿帮大号L164片,铜牌会员,来自京东Android客户端,2016-06-18 18:06:19,大品牌，放心。用的舒心。广告了~~~
北京,依***8,绿帮新生儿NB96片,钻石会员, ,2016-07-01 17:24:07,还可以的还可以的还可以的
山东,j***鱼,绿帮中号M192片,金牌会员,来自京东Android客户端,2016-05-21 07:47:38,性价比高  一直换了好几个牌子  这个用的不少
,e***i,绿帮加大号XL128片,铜牌会员,来自京东Android客户端,2016-06-18 17:59:41,喜欢 美丽 大方，太喜欢了，送个他了
,e***r,绿帮中号M192片,金牌会员,来自京东Android客户端,2016-06-18 17:53:51,哦哦 这么回事啊 好东西，大家买吧
,e***k,绿帮大号L164片,铜牌会员,来自京东Android客户端,2016-06-18 17:55:44,下次还继续来买一个，京东就是划算。
,j***4,绿帮小号S164片,钻石会员,来自京东iPhone客户端,2016-06-14 12:08:00,一直在这里买、便宜实惠！
,e***y,绿帮中号M192片,铜牌会员,来自京东Android客户端,2016-06-18 17:52:40,我就是比较满意这个商品的
,e***m,绿帮加大号XL128片,金牌会员,来自京东Android客户端,2016-06-18 17:55:17,买着个就真是对的啊  哈哈
广东,j***q,绿帮新生儿NB96片,钻石会员,来自京东Android客户端,2016-06-10 23:47:21,！！！
,e***b,绿帮中号M192片,金牌会员,来自京东Android客户端,2016-06-18 17:54:41,喜欢的好东东，推荐给大家！
,1***p,绿帮大号L164片,银牌会员,来自微信购物,2016-07-04 00:54:59,我是一位宝妈妈，知道生完宝宝后，身材变形内心的痛，想知道宝妈速变女神的秘诀，加我V：hj769926144我们一起探讨瘦身的秘密
,j***s,绿帮中号M192片,金牌会员,来自京东iPhone客户端,2016-07-05 12:09:34,划算
,e***q,绿帮大号L164片,金牌会员,来自京东Android客户端,2016-06-18 17:46:49,你说好 我就说好 没办法啊
,e***w,绿帮加大号XL128片,铜牌会员,来自京东Android客户端,2016-06-18 17:48:14,喜欢的东西 就是好啊
,e***z,绿帮加大号XL128片,金牌会员,来自京东Android客户端,2016-06-18 17:45:12,质量还可以 先用着，以后再说
,e***k,绿帮加大号XL128片,铜牌会员,来自京东Android客户端,2016-06-18 17:42:33,物美价廉 值得信赖 喜欢 超级喜欢
江苏,j***6,绿帮大号L164片,银牌会员, ,2016-07-03 19:48:39,东西不错，用着放心，值得购买。
广东,j***7,绿帮小号S164片,钻石会员,来自京东iPhone客户端,2016-07-05 10:38:04,可以，速度快
,e***r,绿帮加大号XL128片,铜牌会员,来自京东Android客户端,2016-06-18 17:32:19,物超所值啊 东西很好哦。。。。。
,e***z,绿帮大号L164片,铜牌会员,来自京东Android客户端,2016-06-18 17:33:54,买之前也忐忑了很久，用了之后就踏实了。确实不错
,e***o,绿帮中号M192片,铜牌会员,来自京东Android客户端,2016-06-18 17:40:25,质量很好，用起来非常的舒服。。
,e***s,绿帮大号L164片,铜牌会员,来自京东Android客户端,2016-06-18 17:33:09,正在使用没发现缺点，比超市便宜 值得购买
,e***z,绿帮大号L164片,金牌会员,来自京东Android客户端,2016-06-18 17:34:57,很上档次，很成熟非常好，没有异味
,e***w,绿帮中号M192片,铜牌会员,来自京东Android客户端,2016-06-18 17:31:49,很有型，很正。值得购买，喜欢就买吧
河北,s***g,干爽拉拉裤加加大码XXL50片,钻石会员,来自京东Android客户端,2016-07-02 21:07:38,京东服务没得说！我家是京东忠实用户！
,e***g,绿帮大号L164片,铜牌会员,来自京东Android客户端,2016-06-18 17:39:40,不知道效果如何，至少心里踏实点
,e***p,绿帮大号L164片,铜牌会员,来自京东Android客户端,2016-06-18 17:28:21,使用起来还不错，简单实在的商品
,e***v,绿帮大号L164片,铜牌会员,来自京东Android客户端,2016-06-18 17:27:25,大品牌，放心。用的舒心。广告了~~~
,e***q,绿帮加大号XL128片,铜牌会员,来自京东Android客户端,2016-06-18 17:25:59,喜欢 实惠 经济 不错的选择啊
,e***y,绿帮加大号XL128片,金牌会员,来自京东Android客户端,2016-06-18 17:26:50,好东西 看的舒心 用的方便，哈哈
,e***i,绿帮大号L164片,金牌会员,来自京东Android客户端,2016-06-18 17:24:25,喜欢 美丽 大方，太喜欢了，送个他了
,果***咪,绿帮小号S164片,铜牌会员,来自京东Android客户端,2016-07-04 16:02:43,跟在超市买的一样，而且便宜了好多，以后还会买的
,e***t,绿帮加大号XL128片,金牌会员,来自京东Android客户端,2016-06-18 17:20:36,哦哦 这么回事啊 好东西，大家买吧
,e***p,绿帮加大号XL128片,金牌会员,来自京东Android客户端,2016-06-18 17:19:49,真的是不错了啊，喜欢的童鞋速度下单。
,e***v,绿帮中号M192片,金牌会员,来自京东Android客户端,2016-06-18 17:24:57,下次还继续来买一个，京东就是划算。
,e***x,绿帮中号M192片,金牌会员,来自京东Android客户端,2016-06-18 17:23:41,我就是比较满意这个商品的
四川,文***生,绿帮加大号XL128片,钻石会员,来自京东iPhone客户端,2016-07-05 11:33:49,帮保适就是好；宝宝长期使用它；
,e***i,绿帮加大号XL128片,金牌会员,来自京东Android客户端,2016-06-18 17:15:31,喜欢的好东东，推荐给大家！
,e***k,绿帮大号L164片,金牌会员,来自京东Android客户端,2016-06-18 17:14:44,你说好 我就说好 没办法啊
天津,没***漫,绿帮小号S164片,钻石会员,来自京东iPhone客户端,2016-07-05 15:56:49,好评
,z***7,干爽拉拉裤加大码XL72片,铜牌会员, ,2016-06-30 17:49:09,还不错，一直买这家的，都没出现过不适应情况
,e***f,绿帮大号L164片,金牌会员,来自京东Android客户端,2016-06-18 17:13:22,物超所值啊 东西很好哦。。。。。
广东,夏***丶,绿帮新生儿NB96片,金牌会员,来自京东iPhone客户端,2016-07-01 19:30:59,我们这边大暴雨，封路了，雨一停快递小哥立马给送来了，万分感谢！再晚点，宝宝尿不湿都用完了
,e***j,绿帮中号M192片,金牌会员,来自京东Android客户端,2016-06-18 17:10:46,挺方便也挺结实的，用了感觉还好
广东,辉***泪,绿帮大号L164片,金牌会员,来自京东iPhone客户端,2016-07-01 19:54:24,还可以，
,e***f,绿帮加大号XL128片,金牌会员,来自京东Android客户端,2016-06-18 17:09:54,有点小贵哈，不过如果货好也值得啦
广东,8***n,绿帮中号M192片,银牌会员,来自微信购物,2016-07-05 16:33:28,非常实恵！
广东,j***e,绿帮加大号XL128片,金牌会员,来自京东iPhone客户端,2016-05-17 14:00:29,一直在用，好用，京东快递也给力，会一直支持京东
,e***l,绿帮加大号XL128片,金牌会员,来自京东Android客户端,2016-06-18 17:09:01,哈哈 终于买到了 好啊，来1个吧
,j***l,绿帮加大号XL128片,银牌会员,来自京东Android客户端,2016-07-05 16:56:24,好好好好好好好好好好好好好好好好好好好好好好好好好
上海,泡***7,绿帮加大号XL128片,银牌会员,来自京东iPhone客户端,2016-07-03 22:11:13,快递蛮快的
广东,j***e,绿帮加大号XL128片,金牌会员,来自京东iPhone客户端,2016-07-05 20:27:09,一直在用，好用，京东快递也给力，会一直支持京东
,a331238485,绿帮新生儿NB96片,银牌会员,来自京东Android客户端,2016-06-22 19:17:48,不错
,e***f,绿帮大号L164片,金牌会员,来自京东Android客户端,2016-06-18 17:08:26,真的是不错了啊，喜欢的童鞋速度下单。
,j***t,绿帮中号M192片,银牌会员,来自京东Android客户端,2016-05-09 11:16:06,一定要打电话问，送我的4片才给，这样的赠送有意思吗？要是送不起就不要做这样的活动
广东,四***0,绿帮新生儿NB96片,银牌会员,来自京东iPhone客户端,2016-07-06 08:35:46,京东配送就是快！配送员态度也很好，看到我是孕妇不仅帮忙送到家里，小件的还打包好让我拿，还体贴地问我能不能拿。。。。因为订的比较多，都是bb将要出生要用的。客服的态度就很一般了，问了也白问一样。
,m***f,绿帮小号S164片,钻石会员, ,2016-06-18 22:50:38,宝洁的东西好，就认定他了
,m***f,绿帮新生儿NB96片,钻石会员, ,2016-06-18 22:50:38,就是为了买放心来了， 还没有用了
,e***g,绿帮大号L164片,金牌会员,来自京东Android客户端,2016-06-18 17:06:29,喜欢的好东东，推荐给大家！
,e***t,绿帮大号L164片,金牌会员,来自京东Android客户端,2016-06-18 17:05:59,真的是很不错哦，太喜欢这东西了！
广东,l***5,绿帮大号L164片,铜牌会员,来自京东iPhone客户端,2016-04-10 18:21:37,好用，实惠，一直支持帮宝适，小孩从出生用到现在都是这个品牌的！
广东,j***2,干爽拉拉裤加加大码XXL50片,金牌会员, ,2016-06-19 23:14:55,一直使用帮宝适，这次的包装不怎么地
广东,j***2,干爽拉拉裤加大码XL72片,金牌会员, ,2016-06-19 23:14:55,一直使用帮宝适，这次的包装不怎么地
广东,l***5,绿帮加大号XL128片,铜牌会员,来自京东iPhone客户端,2016-06-07 15:54:39,好用，实惠，一直支持帮宝适，小孩从出生用到现在都是这个品牌的！
,e***c,绿帮加大号XL128片,金牌会员,来自京东Android客户端,2016-06-18 17:02:57,很喜欢京东的东西是好啊 支持
,靜***3,绿帮中号M192片,金牌会员,来自京东iPhone客户端,2016-06-26 07:59:02,一般
江苏,梦***0,绿帮大号L164片,金牌会员,来自京东iPhone客户端,2016-07-06 06:29:49,京东速度非常快！一直用这个牌子的。支持！！！
广东,辉***泪,绿帮大号L164片,金牌会员,来自京东iPhone客户端,2016-07-01 19:54:24,还可以，
,e***f,绿帮加大号XL128片,金牌会员,来自京东Android客户端,2016-06-18 17:09:54,有点小贵哈，不过如果货好也值得啦
广东,8***n,绿帮中号M192片,银牌会员,来自微信购物,2016-07-05 16:33:28,非常实恵！
广东,j***e,绿帮加大号XL128片,金牌会员,来自京东iPhone客户端,2016-05-17 14:00:29,一直在用，好用，京东快递也给力，会一直支持京东
,e***l,绿帮加大号XL128片,金牌会员,来自京东Android客户端,2016-06-18 17:09:01,哈哈 终于买到了 好啊，来1个吧
,j***l,绿帮加大号XL128片,银牌会员,来自京东Android客户端,2016-07-05 16:56:24,好好好好好好好好好好好好好好好好好好好好好好好好好
上海,泡***7,绿帮加大号XL128片,银牌会员,来自京东iPhone客户端,2016-07-03 22:11:13,快递蛮快的
广东,j***e,绿帮加大号XL128片,金牌会员,来自京东iPhone客户端,2016-07-05 20:27:09,一直在用，好用，京东快递也给力，会一直支持京东
,a331238485,绿帮新生儿NB96片,银牌会员,来自京东Android客户端,2016-06-22 19:17:48,不错
,e***f,绿帮大号L164片,金牌会员,来自京东Android客户端,2016-06-18 17:08:26,真的是不错了啊，喜欢的童鞋速度下单。
,j***t,绿帮中号M192片,银牌会员,来自京东Android客户端,2016-05-09 11:16:06,一定要打电话问，送我的4片才给，这样的赠送有意思吗？要是送不起就不要做这样的活动
广东,四***0,绿帮新生儿NB96片,银牌会员,来自京东iPhone客户端,2016-07-06 08:35:46,京东配送就是快！配送员态度也很好，看到我是孕妇不仅帮忙送到家里，小件的还打包好让我拿，还体贴地问我能不能拿。。。。因为订的比较多，都是bb将要出生要用的。客服的态度就很一般了，问了也白问一样。
,m***f,绿帮小号S164片,钻石会员, ,2016-06-18 22:50:38,宝洁的东西好，就认定他了
,m***f,绿帮新生儿NB96片,钻石会员, ,2016-06-18 22:50:38,就是为了买放心来了， 还没有用了
,e***g,绿帮大号L164片,金牌会员,来自京东Android客户端,2016-06-18 17:06:29,喜欢的好东东，推荐给大家！
,e***t,绿帮大号L164片,金牌会员,来自京东Android客户端,2016-06-18 17:05:59,真的是很不错哦，太喜欢这东西了！
广东,l***5,绿帮大号L164片,铜牌会员,来自京东iPhone客户端,2016-04-10 18:21:37,好用，实惠，一直支持帮宝适，小孩从出生用到现在都是这个品牌的！
广东,j***2,干爽拉拉裤加加大码XXL50片,金牌会员, ,2016-06-19 23:14:55,一直使用帮宝适，这次的包装不怎么地
广东,j***2,干爽拉拉裤加大码XL72片,金牌会员, ,2016-06-19 23:14:55,一直使用帮宝适，这次的包装不怎么地
广东,l***5,绿帮加大号XL128片,铜牌会员,来自京东iPhone客户端,2016-06-07 15:54:39,好用，实惠，一直支持帮宝适，小孩从出生用到现在都是这个品牌的！
,e***c,绿帮加大号XL128片,金牌会员,来自京东Android客户端,2016-06-18 17:02:57,很喜欢京东的东西是好啊 支持
,靜***3,绿帮中号M192片,金牌会员,来自京东iPhone客户端,2016-06-26 07:59:02,一般
江苏,梦***0,绿帮大号L164片,金牌会员,来自京东iPhone客户端,2016-07-06 06:29:49,京东速度非常快！一直用这个牌子的。支持！！！
,j***t,绿帮中号M192片,银牌会员,来自京东Android客户端,2016-06-30 20:30:30,你们家要是送不起就别做活动，说送4片，我买两次了，都送哪去了？这种赠送，还不如不送。太没意思
,e***b,绿帮加大号XL128片,金牌会员,来自京东Android客户端,2016-06-18 16:50:29,喜欢的东西 就是好啊
,e***c,绿帮中号M192片,金牌会员,来自京东Android客户端,2016-06-18 16:48:56,物美价廉 值得信赖 喜欢 超级喜欢
,j***2,绿帮大号L164片,银牌会员,来自京东Android客户端,2016-07-05 13:35:30,棒棒哒！一直用这个，放心，省心！
广东,l***5,干爽拉拉裤加大码XL72片,铜牌会员,来自京东iPhone客户端,2016-06-07 15:54:39,这款拉拉裤非常干爽，72片的超级实惠！下次还会购买！京东的物流也是够快的！赞一个！
湖南,方***豆,绿帮小号S164片,金牌会员,来自京东iPhone客户端,2016-07-02 19:29:53,感觉不怎么吸尿 一晚要换几片，总之不太愉快！
,4***7,绿帮新生儿NB96片,铜牌会员,来自京东iPhone客户端,2016-07-01 13:40:29,想着试试看的用了半包了，感觉和实体店买的差不多，在网上买的96片的实体店的是86片的价钱是一样的！我宝宝一尿尿就要换不然就不睡觉不喝奶，用量多准备买第二包了！
广东,范773009177,干爽拉拉裤加大码XL72片,铜牌会员,来自京东Android客户端,2016-06-16 21:28:57,第一次买拉拉裤，感觉不错
北京,阿***唛,绿帮大号L164片,钻石会员,来自京东iPhone客户端,2016-06-19 21:10:55,存货好用，工作太忙，迟来评价了
海南,j***1,绿帮中号M192片,钻石会员, ,2016-05-01 21:58:21,为什么都钻石会员了，还不能开通白条，好多优惠都错过了
,j***e,绿帮小号S164片,铜牌会员,来自京东Android客户端,2016-06-26 19:48:04,很好，也比在外面买的便宜，，快递也快，?
北京,yhq8762127,绿帮加大号XL128片,钻石会员,来自京东iPad客户端,2016-06-20 11:45:23,一直都在吃，挺好的会继续下去
上海,白***崔,绿帮新生儿NB96片,金牌会员,来自京东Android客户端,2016-05-02 08:19:34,宝宝非常满意
广东,j***8,绿帮加大号XL128片,银牌会员, ,2016-04-23 21:38:51,好
,1***4,绿帮中号M192片,钻石会员,来自京东Android客户端,2016-07-05 09:43:17,一直都用这个牌子，好用！
广东,j***8,绿帮加大号XL128片,银牌会员, ,2016-06-21 22:41:21,好
广东,j***8,绿帮大号L164片,银牌会员, ,2016-06-21 22:41:21,好
上海,L***5,绿帮加大号XL128片,金牌会员,来自京东iPhone客户端,2016-05-01 17:49:20,每次都从这里买，物流超级快的
河北,尹***辉,干爽拉拉裤大码L84片,金牌会员,来自京东iPhone客户端,2016-07-06 10:46:48,上午在京东定的货，下午就到了，京东快递还送货上门，真是给力！
,r***W,干爽拉拉裤大码L84片,银牌会员,来自京东Android客户端,2016-06-28 22:45:07,很好
上海,白***崔,绿帮新生儿NB96片,金牌会员,来自京东Android客户端,2016-06-11 15:08:30,小孩用的不错
北京,方***e,绿帮小号S164片,钻石会员,来自京东Android客户端,2016-07-01 21:49:33,大品牌，好用儿，媳妇儿让买的！
云南,r***1,绿帮小号S164片,银牌会员,来自京东Android客户端,2016-07-05 12:38:55,快递师傅很负责任。
广东,j***u,干爽拉拉裤中码M94片,金牌会员,来自京东Android客户端,2016-04-11 22:28:58,拉拉裤也用不了多久，一泡尿就得换了，有些不太干爽，尿尿后水水的，不吸收！
山东,松***y,绿帮小号S164片,钻石会员,来自京东iPhone客户端,2016-07-05 22:58:43,支持京东，品质有保证
广东,q***7,干爽拉拉裤加大码XL72片,金牌会员,来自京东Android客户端,2016-06-20 22:26:11,还没用
山西,阳***5,干爽拉拉裤中码M94片,银牌会员,来自微信购物,2016-06-30 11:20:37,很不错，宝宝用着没有任何不适，很干爽，透气
广东,q***7,干爽拉拉裤加大码XL72片,金牌会员,来自京东Android客户端,2016-06-20 22:26:11,还没用
山西,阳***5,干爽拉拉裤中码M94片,银牌会员,来自微信购物,2016-06-30 11:20:37,很不错，宝宝用着没有任何不适，很干爽，透气
北京,z***e,绿帮小号S164片,钻石会员,来自京东iPhone客户端,2016-05-31 21:15:19,喜欢这个 会一直用的 特别好用 不红屁股
广东,g***g,绿帮大号L164片,金牌会员, ,2016-05-31 20:24:36,"可以,经济!"
湖北,超***人,绿帮中号M192片,钻石会员,来自京东Android客户端,2016-05-04 12:55:35,挺好的，一箱子能用两三个月。
,王***2,绿帮中号M192片,银牌会员,来自京东Android客户端,2016-06-21 10:44:42,之前买的是s码挺好用的，这次买的闻着一股味道，很难闻，而且容易漏尿，醉了
,小***0,绿帮新生儿NB96片,金牌会员,来自京东iPhone客户端,2016-06-22 13:08:00,太难用了！再也不买帮宝适了
,巢***水,绿帮大号L164片,钻石会员, ,2016-06-13 12:08:05,质量很好，送货速度也非常快！
,j***w,绿帮加大号XL128片,银牌会员,来自京东Android客户端,2016-06-07 08:27:05,一直用很不错，还便宜！
浙江,j***j,绿帮加大号XL128片,铜牌会员,来自京东iPhone客户端,2016-06-28 09:57:58,一直用好用
北京,m***e,绿帮加大号XL128片,钻石会员,来自京东Android客户端,2016-05-27 15:25:25,good
天津,胡***零,绿帮大号L164片,金牌会员,来自京东iPhone客户端,2016-06-18 15:59:26,非常好的服务。给力
,1***p,干爽拉拉裤加加大码XXL50片,银牌会员,来自京东Android客户端,2016-06-27 21:04:28,还可以，宝宝一直用这个牌子的尿裤
上海,j***c,绿帮大号L164片,钻石会员,来自京东iPhone客户端,2016-05-25 11:08:33,我家两个小宝宝都用的这个牌子，一直是他家的东西
广东,r***g,干爽拉拉裤加大码XL72片,钻石会员, ,2016-05-30 14:27:53,帮同事拍的，听说质量不错，很好用
广东,j***2,绿帮大号L164片,钻石会员,来自京东Android客户端,2016-04-23 05:56:53,一直都在京东买，物流超快，晚上下单，第二天早上送到。
,只***守,绿帮大号L164片,铜牌会员,来自京东Android客户端,2016-05-29 17:26:55,质量很好，京东快递就是快
广东,j***2,绿帮大号L164片,钻石会员,来自京东Android客户端,2016-06-29 19:20:59,一直都在京东买，物流超快，晚上下单，第二天早上送到。
广东,j***2,绿帮加大号XL128片,钻石会员,来自京东Android客户端,2016-06-29 19:20:59,一直都在京东买，物流超快，晚上下单，第二天早上送到。
北京,y***7,绿帮加大号XL128片,钻石会员,来自京东Android客户端,2016-05-06 15:52:08,商品不错，一次满意的购物
河北,h***1,干爽拉拉裤大码L84片,银牌会员,来自京东Android客户端,2016-07-05 14:37:15,帮朋友买的，她之前用的不错，现在又来购，而且京东太速度，简直是有娃没时间的宝妈的福音?
,h***t,绿帮中号M192片,钻石会员,来自京东Android客户端,2016-06-17 12:06:08,很好！！！！！！！！！！！！！！！！
,环***号,绿帮大号L164片,金牌会员, ,2016-05-07 21:24:43,除了说好我也不知道说什么了，超值
,富***彬,绿帮小号S164片,钻石会员,来自京东iPhone客户端,2016-06-29 19:40:46,产品不错，就是说好的赠品没有！
,j***7,绿帮小号S164片,铜牌会员,来自京东Android客户端,2016-06-11 10:40:21,很好用！
广东,c***8,绿帮加大号XL128片,金牌会员,来自京东iPhone客户端,2016-05-09 14:36:18,不错，一直在用
湖北,a***5,绿帮加大号XL128片,金牌会员, ,2016-04-11 21:00:47,买了很多次了，觉得还可以
广东,九***舞,绿帮大号L164片,钻石会员,来自京东Android客户端,2016-06-03 20:39:28,还不错的，速度很快，价钱也合适。我很喜欢，下次还会买的，我是托我自豪。哈哈哈
广西,玛***9,绿帮大号L164片,钻石会员, ,2016-06-15 11:33:03,还可以吧 还可以吧 还可以吧 还可以吧 还可以吧
,j***c,绿帮大号L164片,金牌会员, ,2016-06-13 15:10:58,帮宝适纸尿裤，很不错，吸水性强，活动购买很划算。
北京,让***儿,绿帮新生儿NB96片,钻石会员, ,2016-07-05 17:04:53,很好
,j***c,绿帮中号M192片,金牌会员, ,2016-06-13 14:30:46,帮宝适纸尿裤，很不错，吸水性强，活动购买很划算。
河南,4***2,干爽拉拉裤加大码XL72片,金牌会员,来自京东iPhone客户端,2016-06-13 07:49:51,满意！
,j***b,绿帮加大号XL128片,银牌会员,来自京东Android客户端,2016-06-27 22:26:59,很好，下次再买。
河南,4***2,绿帮大号L164片,金牌会员,来自京东iPhone客户端,2016-06-13 07:49:51,满意！
,0***红,干爽拉拉裤加大码XL72片,钻石会员,来自京东Android客户端,2016-07-02 17:53:16,111111111111111没谁啦
广东,c***8,绿帮加大号XL128片,金牌会员,来自京东iPhone客户端,2016-06-02 16:07:21,宝宝一直在用，大品牌值的信赖
广东,厦***婧,干爽拉拉裤加大码XL72片,银牌会员,来自京东Android客户端,2016-06-26 21:14:41,买小了，穿的有点紧，透气性是不是没纸尿裤好，穿了两次宝宝屁股就开始长痱子。
广东,r***g,绿帮加大号XL128片,钻石会员,来自京东iPhone客户端,2016-06-09 22:56:13,东西不错，一直再买着，方便
,j***b,绿帮加大号XL128片,银牌会员,来自京东Android客户端,2016-07-05 15:45:12,一直买这个牌子，下这么大的雨都送过来了，谢谢快递小哥！
广东,j***8,绿帮大号L164片,银牌会员, ,2016-06-21 22:41:21,好
上海,L***5,绿帮加大号XL128片,金牌会员,来自京东iPhone客户端,2016-05-01 17:49:20,每次都从这里买，物流超级快的
河北,尹***辉,干爽拉拉裤大码L84片,金牌会员,来自京东iPhone客户端,2016-07-06 10:46:48,上午在京东定的货，下午就到了，京东快递还送货上门，真是给力！
,r***W,干爽拉拉裤大码L84片,银牌会员,来自京东Android客户端,2016-06-28 22:45:07,很好
上海,白***崔,绿帮新生儿NB96片,金牌会员,来自京东Android客户端,2016-06-11 15:08:30,小孩用的不错
北京,方***e,绿帮小号S164片,钻石会员,来自京东Android客户端,2016-07-01 21:49:33,大品牌，好用儿，媳妇儿让买的！
云南,r***1,绿帮小号S164片,银牌会员,来自京东Android客户端,2016-07-05 12:38:55,快递师傅很负责任。
广东,j***u,干爽拉拉裤中码M94片,金牌会员,来自京东Android客户端,2016-04-11 22:28:58,拉拉裤也用不了多久，一泡尿就得换了，有些不太干爽，尿尿后水水的，不吸收！
山东,松***y,绿帮小号S164片,钻石会员,来自京东iPhone客户端,2016-07-05 22:58:43,支持京东，品质有保证
广东,q***7,干爽拉拉裤加大码XL72片,金牌会员,来自京东Android客户端,2016-06-20 22:26:11,还没用
山西,阳***5,干爽拉拉裤中码M94片,银牌会员,来自微信购物,2016-06-30 11:20:37,很不错，宝宝用着没有任何不适，很干爽，透气
北京,z***e,绿帮小号S164片,钻石会员,来自京东iPhone客户端,2016-05-31 21:15:19,喜欢这个 会一直用的 特别好用 不红屁股
广东,g***g,绿帮大号L164片,金牌会员, ,2016-05-31 20:24:36,"可以,经济!"
湖北,超***人,绿帮中号M192片,钻石会员,来自京东Android客户端,2016-05-04 12:55:35,挺好的，一箱子能用两三个月。
,王***2,绿帮中号M192片,银牌会员,来自京东Android客户端,2016-06-21 10:44:42,之前买的是s码挺好用的，这次买的闻着一股味道，很难闻，而且容易漏尿，醉了
,小***0,绿帮新生儿NB96片,金牌会员,来自京东iPhone客户端,2016-06-22 13:08:00,太难用了！再也不买帮宝适了
,巢***水,绿帮大号L164片,钻石会员, ,2016-06-13 12:08:05,质量很好，送货速度也非常快！
,j***w,绿帮加大号XL128片,银牌会员,来自京东Android客户端,2016-06-07 08:27:05,一直用很不错，还便宜！
浙江,j***j,绿帮加大号XL128片,铜牌会员,来自京东iPhone客户端,2016-06-28 09:57:58,一直用好用
北京,m***e,绿帮加大号XL128片,钻石会员,来自京东Android客户端,2016-05-27 15:25:25,good
天津,胡***零,绿帮大号L164片,金牌会员,来自京东iPhone客户端,2016-06-18 15:59:26,非常好的服务。给力
,1***p,干爽拉拉裤加加大码XXL50片,银牌会员,来自京东Android客户端,2016-06-27 21:04:28,还可以，宝宝一直用这个牌子的尿裤
上海,j***c,绿帮大号L164片,钻石会员,来自京东iPhone客户端,2016-05-25 11:08:33,我家两个小宝宝都用的这个牌子，一直是他家的东西
广东,r***g,干爽拉拉裤加大码XL72片,钻石会员, ,2016-05-30 14:27:53,帮同事拍的，听说质量不错，很好用
广东,j***2,绿帮大号L164片,钻石会员,来自京东Android客户端,2016-04-23 05:56:53,一直都在京东买，物流超快，晚上下单，第二天早上送到。
,只***守,绿帮大号L164片,铜牌会员,来自京东Android客户端,2016-05-29 17:26:55,质量很好，京东快递就是快
广东,j***2,绿帮大号L164片,钻石会员,来自京东Android客户端,2016-06-29 19:20:59,一直都在京东买，物流超快，晚上下单，第二天早上送到。
广东,j***2,绿帮加大号XL128片,钻石会员,来自京东Android客户端,2016-06-29 19:20:59,一直都在京东买，物流超快，晚上下单，第二天早上送到。
北京,y***7,绿帮加大号XL128片,钻石会员,来自京东Android客户端,2016-05-06 15:52:08,商品不错，一次满意的购物
河北,h***1,干爽拉拉裤大码L84片,银牌会员,来自京东Android客户端,2016-07-05 14:37:15,帮朋友买的，她之前用的不错，现在又来购，而且京东太速度，简直是有娃没时间的宝妈的福音?
,h***t,绿帮中号M192片,钻石会员,来自京东Android客户端,2016-06-17 12:06:08,很好！！！！！！！！！！！！！！！！
,环***号,绿帮大号L164片,金牌会员, ,2016-05-07 21:24:43,除了说好我也不知道说什么了，超值
,富***彬,绿帮小号S164片,钻石会员,来自京东iPhone客户端,2016-06-29 19:40:46,产品不错，就是说好的赠品没有！
,j***7,绿帮小号S164片,铜牌会员,来自京东Android客户端,2016-06-11 10:40:21,很好用！
广东,c***8,绿帮加大号XL128片,金牌会员,来自京东iPhone客户端,2016-05-09 14:36:18,不错，一直在用
湖北,a***5,绿帮加大号XL128片,金牌会员, ,2016-04-11 21:00:47,买了很多次了，觉得还可以
广东,九***舞,绿帮大号L164片,钻石会员,来自京东Android客户端,2016-06-03 20:39:28,还不错的，速度很快，价钱也合适。我很喜欢，下次还会买的，我是托我自豪。哈哈哈
广西,玛***9,绿帮大号L164片,钻石会员, ,2016-06-15 11:33:03,还可以吧 还可以吧 还可以吧 还可以吧 还可以吧
,j***c,绿帮大号L164片,金牌会员, ,2016-06-13 15:10:58,帮宝适纸尿裤，很不错，吸水性强，活动购买很划算。
北京,让***儿,绿帮新生儿NB96片,钻石会员, ,2016-07-05 17:04:53,很好
,j***c,绿帮中号M192片,金牌会员, ,2016-06-13 14:30:46,帮宝适纸尿裤，很不错，吸水性强，活动购买很划算。
河南,4***2,干爽拉拉裤加大码XL72片,金牌会员,来自京东iPhone客户端,2016-06-13 07:49:51,满意！
,j***b,绿帮加大号XL128片,银牌会员,来自京东Android客户端,2016-06-27 22:26:59,很好，下次再买。
河南,4***2,绿帮大号L164片,金牌会员,来自京东iPhone客户端,2016-06-13 07:49:51,满意！
,0***红,干爽拉拉裤加大码XL72片,钻石会员,来自京东Android客户端,2016-07-02 17:53:16,111111111111111没谁啦
广东,c***8,绿帮加大号XL128片,金牌会员,来自京东iPhone客户端,2016-06-02 16:07:21,宝宝一直在用，大品牌值的信赖
广东,厦***婧,干爽拉拉裤加大码XL72片,银牌会员,来自京东Android客户端,2016-06-26 21:14:41,买小了，穿的有点紧，透气性是不是没纸尿裤好，穿了两次宝宝屁股就开始长痱子。
广东,r***g,绿帮加大号XL128片,钻石会员,来自京东iPhone客户端,2016-06-09 22:56:13,东西不错，一直再买着，方便
,j***b,绿帮加大号XL128片,银牌会员,来自京东Android客户端,2016-07-05 15:45:12,一直买这个牌子，下这么大的雨都送过来了，谢谢快递小哥！
广东,r***g,绿帮加大号XL128片,钻石会员,来自京东iPhone客户端,2016-05-07 22:24:42,东西很不错，也方便，一直在买着
,z***Q,绿帮大号L164片,铜牌会员,来自微信购物,2016-06-14 19:45:40,买了很次很好用品质很好
,j***d,干爽拉拉裤大码L84片,铜牌会员,来自京东iPhone客户端,2016-05-16 21:36:43,挺好
上海,开***2,绿帮大号L164片,钻石会员,来自京东Android客户端,2016-07-05 20:20:34,好
,j***d,干爽拉拉裤大码L84片,铜牌会员,来自京东iPhone客户端,2016-06-11 00:53:09,挺好
山西,现***上,干爽拉拉裤大码L84片,钻石会员,来自京东iPhone客户端,2016-06-24 20:07:40,拉拉裤个人感觉不如以前那种好，它不能调节大小
,j***5,绿帮小号S164片,铜牌会员,来自京东Android客户端,2016-06-28 15:12:17,备货中，还没用，看着不错，没拆装，没闻到异味。
,j***^,绿帮大号L164片,银牌会员,来自京东iPhone客户端,2016-05-29 10:36:25,好
福建,j***懒,绿帮大号L164片,银牌会员, ,2016-06-11 19:58:14,主要送货快，东西价格也实惠。
陕西,k***g,绿帮大号L164片,钻石会员,来自京东iPhone客户端,2016-06-19 21:41:21,多次购买，夏天用挺合适的，不厚
四川,t***w,绿帮加大号XL128片,钻石会员, ,2016-06-01 13:15:35,还可以，宝宝一直用这个，没有他们说的红屁屁，不过我家宝宝用什么都不会红屁屁
四川,t***w,绿帮大号L164片,钻石会员, ,2016-06-02 11:29:55,还可以，宝宝一直用这个，没有他们说的红屁屁，不过我家宝宝用什么都不会红屁屁
北京,醉***茶,绿帮大号L164片,钻石会员, ,2016-04-20 17:14:00,大品牌，信得过，一直用这个牌子~
,j***7,绿帮小号S164片,铜牌会员,来自京东Android客户端,2016-07-04 10:26:44,快递速度很快，质量也不错。
,j***1,干爽拉拉裤加加大码XXL50片,金牌会员,来自京东iPhone客户端,2016-07-06 07:40:24,好
,j***l,绿帮中号M192片,铜牌会员,来自京东Android客户端,2016-05-17 17:40:20,不同的店铺不同的价格，同样的东西。
广东,w***a,绿帮大号L164片,钻石会员, ,2016-04-23 08:46:30,买很多次了，是正品，最好包装上不要贴东西，送人不好看
广东,w***a,绿帮加大号XL128片,钻石会员, ,2016-05-06 12:50:28,买很多次了，是正品，最好包装上不要贴东西，送人不好看
广东,j***b,绿帮中号M192片,金牌会员,来自京东iPhone客户端,2016-06-17 21:41:09,物流可以很快
,jd_伴我多久,绿帮中号M192片,铜牌会员,来自京东Android客户端,2016-06-21 12:00:35,可以啦啦啦啦啦啦啦啦啦啦啦啦啦啦啦啦啦啦啦啦啦啦啦啦啦
,j***p,绿帮中号M192片,银牌会员,来自京东Android客户端,2016-07-05 08:46:36,真心不想说，这纸箱破成这样，也不是第一次在这买了，怎么这样
湖北,j***3,干爽拉拉裤加大码XL72片,钻石会员, ,2016-06-17 08:34:16,10个字10个字10个字10个字
江苏,q***l,干爽拉拉裤加大码XL72片,银牌会员,来自京东iPhone客户端,2016-06-20 20:56:51,还行
广东,m***9,干爽拉拉裤大码L84片,钻石会员,来自京东iPhone客户端,2016-06-18 09:45:37,快递到老家准备暑假给宝宝用的，还没见到东西呢
,小***3,绿帮新生儿NB96片,铜牌会员,来自京东Android客户端,2016-06-21 12:02:40,吸水性好，薄厚适中还是老牌子的好啊！
广东,j***r,干爽拉拉裤大码L84片,银牌会员,来自京东iPhone客户端,2016-05-14 22:47:01,不错不错
广东,j***2,干爽拉拉裤加加大码XXL50片,钻石会员, ,2016-06-29 09:06:52,好，一直在京东购
,j***h,绿帮小号S164片,银牌会员,来自京东Android客户端,2016-07-05 12:34:11,包装说好，价格实惠
,j***h,绿帮大号L164片,铜牌会员,来自京东Android客户端,2016-06-20 15:19:47,不好用，不透气，宝贝用了屁屁红红的
广东,j***r,干爽拉拉裤大码L84片,银牌会员,来自京东iPhone客户端,2016-06-23 20:55:54,不错、一直都买这个用
海南,y***9,绿帮大号L164片,银牌会员,来自京东Android客户端,2016-07-02 11:07:16,好
,1***p,绿帮大号L164片,银牌会员,来自微信购物,2016-07-04 00:54:59,我是一位宝妈妈，知道生完宝宝后，身材变形内心的痛，想知道宝妈速变女神的秘诀，加我V：hj769926144我们一起探讨瘦身的秘密
,j***s,绿帮中号M192片,金牌会员,来自京东iPhone客户端,2016-07-05 12:09:34,划算
,e***q,绿帮大号L164片,金牌会员,来自京东Android客户端,2016-06-18 17:46:49,你说好 我就说好 没办法啊
,e***w,绿帮加大号XL128片,铜牌会员,来自京东Android客户端,2016-06-18 17:48:14,喜欢的东西 就是好啊
,e***z,绿帮加大号XL128片,金牌会员,来自京东Android客户端,2016-06-18 17:45:12,质量还可以 先用着，以后再说
,e***k,绿帮加大号XL128片,铜牌会员,来自京东Android客户端,2016-06-18 17:42:33,物美价廉 值得信赖 喜欢 超级喜欢
江苏,j***6,绿帮大号L164片,银牌会员, ,2016-07-03 19:48:39,东西不错，用着放心，值得购买。
广东,j***7,绿帮小号S164片,钻石会员,来自京东iPhone客户端,2016-07-05 10:38:04,可以，速度快
,e***r,绿帮加大号XL128片,铜牌会员,来自京东Android客户端,2016-06-18 17:32:19,物超所值啊 东西很好哦。。。。。
,e***z,绿帮大号L164片,铜牌会员,来自京东Android客户端,2016-06-18 17:33:54,买之前也忐忑了很久，用了之后就踏实了。确实不错
,j***n,绿帮加大号XL128片,铜牌会员,来自京东Android客户端,2016-05-31 10:07:11,发货速度快
,j***n,绿帮大号L164片,铜牌会员,来自京东Android客户端,2016-06-13 12:23:11,发货速度可以
广东,A***G,绿帮加大号XL128片,钻石会员,来自京东Android客户端,2016-07-02 16:43:51,送货员已经到楼下要不送上门，要求我们自己下楼拿，不下去拿就要等他有时间再送，京东服务越来越差，差评。。。。
四川,小***咪,干爽拉拉裤加大码XL72片,银牌会员,来自京东iPhone客户端,2016-05-16 17:39:17,活动挺划算的、
,F***V,干爽拉拉裤大码L84片,铜牌会员,来自微信购物,2016-07-05 21:57:18,还没有，看起来还可以
广东,-***-,干爽拉拉裤加大码XL72片,钻石会员, ,2016-05-26 12:06:48,hao.........
江西,j***n,绿帮小号S164片,银牌会员,来自微信购物,2016-06-30 15:38:43,一直购买，很好
江苏,j***B,绿帮加大号XL128片,银牌会员,来自京东Android客户端,2016-07-04 13:14:59,好的
,K***H,绿帮加大号XL128片,金牌会员,来自微信购物,2016-07-05 16:47:15,一直在这买，还没用
,几***宝,绿帮小号S164片,银牌会员,来自京东iPhone客户端,2016-07-04 12:44:14,物流很快，比其他店便宜，买这送朋友，下次再光顾！
上海,j***天,绿帮大号L164片,银牌会员,来自微信购物,2016-07-04 20:00:14,没想到买到假货了 真的很坑 纸尿裤里面的绵都是一坨一坨的 里面的吸水珠都搁手 看看你们卖的纸尿裤 再看看实体店的 人呐 真的不能贪图一点小便宜  假货 假货 假货
山西,l***u,干爽拉拉裤加大码XL72片,钻石会员, ,2016-04-22 20:07:53,一直买这个牌子的尿不湿
,j***p,绿帮中号M192片,铜牌会员,来自京东Android客户端,2016-07-04 20:07:30,还行，一直用的牌子
,T***X,绿帮小号S164片,银牌会员,来自手机QQ购物,2016-07-04 14:15:26,还可以，就是小号的对于3kg的小孩来说就有点大了
北京,j***8,绿帮中号M192片,钻石会员,来自京东Android客户端,2016-06-26 18:26:23,用这个牌子很久了，好用
,v***B,绿帮小号S164片,银牌会员,来自微信购物,2016-07-04 15:33:33,从大宝到现在小宝，一直用这个牌子，挺好的
,n***1,干爽拉拉裤加大码XL72片,银牌会员,来自京东iPhone客户端,2016-04-14 07:54:08,不错！
广东,j***b,绿帮新生儿NB96片,银牌会员,来自京东Android客户端,2016-06-12 16:20:05,搞特价买的，希望多做一些活动！
,K***H,干爽拉拉裤加大码XL72片,金牌会员,来自微信购物,2016-06-17 17:51:26,一直都是在这买
,n***1,干爽拉拉裤加大码XL72片,银牌会员,来自京东iPhone客户端,2016-04-30 15:42:36,挺好
,小***号,绿帮大号L164片,金牌会员,来自京东iPhone客户端,2016-07-01 16:44:17,第二次购买了，非常实惠，信赖京东，货真价实
吉林,c***d,绿帮新生儿NB96片,银牌会员,来自京东iPhone客户端,2016-06-20 04:19:00,用着非常好
四川,宝***在,干爽拉拉裤加大码XL72片,金牌会员,来自京东iPhone客户端,2016-05-16 00:52:30,han
四川,宝***在,干爽拉拉裤加大码XL72片,金牌会员,来自京东iPhone客户端,2016-06-02 23:37:14,好
,鲁***平,干爽拉拉裤大码L84片,钻石会员,来自京东Android客户端,2016-07-04 10:33:17,不错
,B***t,绿帮大号L164片,铜牌会员,来自京东iPhone客户端,2016-07-05 14:01:26,到货快，挺薄
河南,z***n,干爽拉拉裤加大码XL72片,钻石会员, ,2016-06-19 22:13:57,还没用，看见活动买的，帮宝适的质量应该不错
广东,j***z,绿帮大号L164片,金牌会员,来自京东Android客户端,2016-06-13 10:10:20,好，一直都在光顾
,h***7,干爽拉拉裤大码L84片,钻石会员,来自京东Android客户端,2016-07-03 20:33:10,好用，买很多次了，这次特价，果断来两提
广东,张***翎,绿帮中号M192片,金牌会员,来自京东Android客户端,2016-04-22 20:04:22,一直用这个
,j***9,绿帮加大号XL128片,银牌会员,来自京东Android客户端,2016-05-24 22:54:44,实用，京东商城值得信赖！
河南,朱***尘,绿帮加大号XL128片,钻石会员, ,2016-06-14 17:43:09,物流快，质量好。
广东,伞***行,绿帮加大号XL128片,钻石会员,来自京东Android客户端,2016-07-05 03:15:43,不错，老用户了
安徽,t***6,绿帮加大号XL128片,银牌会员, ,2016-06-27 18:21:10,好，一直购买
浙江,jd_180802hkk,干爽拉拉裤大码L84片,银牌会员,来自京东iPad客户端,2016-07-05 20:27:44,东西收到啦，看着不错。就是咋需要运费啊。其他都很好。
,j***0,干爽拉拉裤大码L84片,钻石会员,来自京东Android客户端,2016-06-29 15:32:16,趁九十九的时候多买点回家用
,曼***P,绿帮新生儿NB96片,铜牌会员,来自京东iPhone客户端,2016-07-03 17:33:30,快递小哥超级好，坐月子不方便收，叫送进来也愿意，赞??  尿布也好，下次再来哈
广东,我***2,绿帮加大号XL128片,钻石会员, ,2016-07-03 12:16:44,已经购买了N箱，已经购买了N箱，已经购买了N箱，已经购买了N箱，
,延***1,干爽拉拉裤加大码XL72片,银牌会员,来自京东iPhone客户端,2016-05-13 17:27:53,第二次购买！就是感觉挺厚的
,c***菲,绿帮中号M192片,铜牌会员,来自京东Android客户端,2016-06-14 13:29:08,东西很好 一直用这个牌子的 超薄干爽适合夏天用  宝宝穿着很合适！！
广东,x***8,干爽拉拉裤加大码XL72片,铜牌会员,来自京东Android客户端,2016-06-27 17:35:54,两小孩都用这牌子，好用，划算，快递员也给力
,j***4,干爽拉拉裤大码L84片,银牌会员,来自京东Android客户端,2016-06-25 20:32:24,还可以
辽宁,飘***君,绿帮加大号XL128片,钻石会员, ,2016-06-15 22:37:26,质量不错，相信京东自营。
,U***t,绿帮中号M192片,铜牌会员,来自京东iPhone客户端,2016-07-05 19:11:43,一直买
,j***w,绿帮新生儿NB96片,金牌会员,来自京东Android客户端,2016-06-28 08:53:19,评价晚了，已经用了，宝贝很好用，但价格比实体店的便宜多了，一直都相信帮宝适是最好的
,京东丹,干爽拉拉裤大码L84片,银牌会员,来自京东Android客户端,2016-06-20 16:13:25,第一次买帮宝适，没想到是这个样子的。孩子尿完之后竟然是一坨一坨的。真心失望?
,环***绵,绿帮新生儿NB96片,铜牌会员,来自京东Android客户端,2016-05-08 15:51:36,很好
北京,j***1,干爽拉拉裤加加大码XXL50片,金牌会员,来自京东Android客户端,2016-06-02 22:41:00,很好很好很好
,p***k,绿帮新生儿NB96片,铜牌会员,来自微信购物,2016-07-05 17:11:12,挺好的，快速好快
江西,搁***纱,绿帮加大号XL128片,钻石会员, ,2016-04-18 11:28:02,说实话，炸锅的确不赖！外观大方美观，操作简单，无油烟，信赖！！塑造健康饮食！
,环***绵,绿帮新生儿NB96片,铜牌会员,来自京东Android客户端,2016-06-17 13:34:46,很好
,j***z,绿帮加大号XL128片,金牌会员,来自京东iPhone客户端,2016-07-05 01:26:22,很好用。宝宝生出来到现在一直用这个牌子没换过
上海,上***金,绿帮中号M192片,银牌会员, ,2016-06-06 09:31:02,产品不错
,安***福,绿帮中号M192片,铜牌会员,来自京东Android客户端,2016-07-04 13:23:03,纸尿裤比想象中的差远了，包装简易，96片一袋，易起坨，有味道，面料硬，里面用荧光剂笔照射有蓝光反应，卖家说是吸收珠珠，不知道质量有没有保障，只能说一分钱一分货，姑且先用着吧！下次不买了！
,j***n,干爽拉拉裤大码L84片,银牌会员,来自京东Android客户端,2016-07-05 18:16:27,已购买多次，好评
辽宁,红***色,干爽拉拉裤加大码XL72片,钻石会员,来自京东iPhone客户端,2016-07-04 10:19:02,便宜好用，以前用花王，现在觉得便宜的也不错！
,七***呀,绿帮大号L164片,银牌会员,来自京东iPhone客户端,2016-05-17 17:01:38,东西很好，很满意，就是有点气味，不过不影响使用
广东,M***7,绿帮大号L164片,钻石会员,来自京东iPhone客户端,2016-05-08 09:40:41,一直用这个牌子，经济实惠
,j***w,绿帮大号L164片,铜牌会员,来自京东Android客户端,2016-06-18 14:05:16,好
广东,j***p,干爽拉拉裤加大码XL72片,金牌会员,来自京东Android客户端,2016-04-26 23:35:17,赞一个
广东,j***p,绿帮大号L164片,金牌会员,来自京东Android客户端,2016-06-08 13:57:53,棒棒的
,小***9,干爽拉拉裤中码M94片,银牌会员,来自京东Android客户端,2016-07-05 08:59:14,第一次使用，摸着挺薄的，希望好用
北京,我***头,绿帮大号L164片,金牌会员,来自京东iPhone客户端,2016-04-18 21:22:56,特别划算棒棒的
广东,蔡***多,干爽拉拉裤加大码XL72片,金牌会员,来自京东iPhone客户端,2016-07-05 22:43:03,外面的包装完好，里面的确是这样，都不知道他们存放在仓库的时候是不是就这样，会不会有蟑螂老鼠进去，太恐怖了！
福建,k***为,绿帮中号M192片,银牌会员,来自京东Android客户端,2016-05-20 16:42:39,好
北京,4***m,绿帮中号M192片,金牌会员,来自京东Android客户端,2016-05-28 18:08:53,还好吧。用了好久再来。挺好用。。。。。。
,7***花,干爽拉拉裤大码L84片,铜牌会员, ,2016-06-29 16:58:55,下次，。、
北京,x***8,绿帮加大号XL128片,金牌会员,来自京东Android客户端,2016-06-11 10:40:30,挺好的?
广东,l***n,绿帮中号M192片,钻石会员,来自京东iPhone客户端,2016-06-18 23:05:21,不错不错不错不错不错
,c***d,绿帮新生儿NB96片,铜牌会员,来自手机QQ购物,2016-07-04 14:13:27,还不错，发货很快，以后还会买的！
广东,l***n,绿帮中号M192片,钻石会员,来自京东iPhone客户端,2016-05-27 14:37:21,不错不错不错不错不错
,虚***剑,绿帮新生儿NB96片,银牌会员,来自京东Android客户端,2016-07-03 20:35:17,已经购买好多次了，一如既往的好
北京,j***0,绿帮加大号XL128片,金牌会员, ,2016-07-05 21:48:46,xishuiqiang
,j***b,干爽拉拉裤大码L84片,银牌会员,来自京东iPhone客户端,2016-07-05 14:27:47,很不错哦，已经是第三次买了，物美价廉，还会一直买下去的，。。。。。。
,o***8,绿帮新生儿NB96片,铜牌会员,来自京东iPhone客户端,2016-06-26 12:34:15,还可以，跟店里买的比薄了一点点，买了三样分三个包裹送不满意，收货太麻烦啦
广东,大叔男友,干爽拉拉裤大码L84片,金牌会员,来自京东iPhone客户端,2016-06-18 23:25:40,好用
河北,只***j,干爽拉拉裤中码M94片,银牌会员, ,2016-07-02 23:39:48,挺好的·很满意·腰围非常薄·透气性好·吸水性好·吸水后会鼓起·应该属于正常吧·屁屁很干爽
,汪***师,绿帮大号L164片,金牌会员,来自京东Android客户端,2016-07-04 17:19:12,已经是第二次买了，夏天用这款超薄的孩子非常舒服，感谢京东提供的优质服务，到货特别快
广东,j***p,干爽拉拉裤大码L84片,金牌会员,来自京东Android客户端,2016-04-07 11:04:54,用后才来评价的，宝宝用着好。
四川,j***d,绿帮加大号XL128片,铜牌会员,来自京东Android客户端,2016-07-02 12:11:17,超快速
,孙***潇,绿帮大号L164片,金牌会员,来自京东iPhone客户端,2016-07-03 00:45:25,一直用
,j***m,干爽拉拉裤加大码XL72片,金牌会员,来自京东iPhone客户端,2016-06-18 16:46:00,非常好
上海,z***9,绿帮大号L164片,金牌会员,来自京东iPhone客户端,2016-06-23 12:06:02,非常适合
广东,j***大,绿帮大号L164片,钻石会员,来自京东Android客户端,2016-07-04 10:16:23,不错
四川,1***u,干爽拉拉裤加加大码XXL50片,钻石会员, ,2016-06-10 23:18:58,不错，真心很实惠，活动给力，宝宝喜欢
广东,M***7,绿帮中号M192片,钻石会员,来自京东iPhone客户端,2016-06-18 23:26:21,一直用这个牌子，好用
广东,问***得,绿帮中号M192片,钻石会员, ,2016-06-13 15:55:53,价格实惠，优惠。。是正品，下次还会来的
,z***a,绿帮小号S164片,铜牌会员,来自微信购物,2016-07-04 08:46:26,我经常在这里买东西 连个毛都没送给我
,R***5,干爽拉拉裤加加大码XXL50片,银牌会员,来自京东iPhone客户端,2016-06-21 09:20:01,ghjjbvfghhj
,j***6,干爽拉拉裤加大码XL72片,金牌会员,来自京东Android客户端,2016-07-01 14:13:11,超值，超值。
广东,j***2,绿帮大号L164片,钻石会员,来自京东Android客户端,2016-06-29 19:20:59,一直都在京东买，物流超快，晚上下单，第二天早上送到。
广东,j***2,绿帮加大号XL128片,钻石会员,来自京东Android客户端,2016-06-29 19:20:59,一直都在京东买，物流超快，晚上下单，第二天早上送到。
北京,y***7,绿帮加大号XL128片,钻石会员,来自京东Android客户端,2016-05-06 15:52:08,商品不错，一次满意的购物
河北,h***1,干爽拉拉裤大码L84片,银牌会员,来自京东Android客户端,2016-07-05 14:37:15,帮朋友买的，她之前用的不错，现在又来购，而且京东太速度，简直是有娃没时间的宝妈的福音?
,h***t,绿帮中号M192片,钻石会员,来自京东Android客户端,2016-06-17 12:06:08,很好！！！！！！！！！！！！！！！！
,环***号,绿帮大号L164片,金牌会员, ,2016-05-07 21:24:43,除了说好我也不知道说什么了，超值
,富***彬,绿帮小号S164片,钻石会员,来自京东iPhone客户端,2016-06-29 19:40:46,产品不错，就是说好的赠品没有！
,j***7,绿帮小号S164片,铜牌会员,来自京东Android客户端,2016-06-11 10:40:21,很好用！
广东,c***8,绿帮加大号XL128片,金牌会员,来自京东iPhone客户端,2016-05-09 14:36:18,不错，一直在用
湖北,a***5,绿帮加大号XL128片,金牌会员, ,2016-04-11 21:00:47,买了很多次了，觉得还可以
广东,九***舞,绿帮大号L164片,钻石会员,来自京东Android客户端,2016-06-03 20:39:28,还不错的，速度很快，价钱也合适。我很喜欢，下次还会买的，我是托我自豪。哈哈哈
广西,玛***9,绿帮大号L164片,钻石会员, ,2016-06-15 11:33:03,还可以吧 还可以吧 还可以吧 还可以吧 还可以吧
,j***c,绿帮大号L164片,金牌会员, ,2016-06-13 15:10:58,帮宝适纸尿裤，很不错，吸水性强，活动购买很划算。
北京,让***儿,绿帮新生儿NB96片,钻石会员, ,2016-07-05 17:04:53,很好
,j***c,绿帮中号M192片,金牌会员, ,2016-06-13 14:30:46,帮宝适纸尿裤，很不错，吸水性强，活动购买很划算。
河南,4***2,干爽拉拉裤加大码XL72片,金牌会员,来自京东iPhone客户端,2016-06-13 07:49:51,满意！
,j***b,绿帮加大号XL128片,银牌会员,来自京东Android客户端,2016-06-27 22:26:59,很好，下次再买。
河南,4***2,绿帮大号L164片,金牌会员,来自京东iPhone客户端,2016-06-13 07:49:51,满意！
,0***红,干爽拉拉裤加大码XL72片,钻石会员,来自京东Android客户端,2016-07-02 17:53:16,111111111111111没谁啦
广东,c***8,绿帮加大号XL128片,金牌会员,来自京东iPhone客户端,2016-06-02 16:07:21,宝宝一直在用，大品牌值的信赖
广东,厦***婧,干爽拉拉裤加大码XL72片,银牌会员,来自京东Android客户端,2016-06-26 21:14:41,买小了，穿的有点紧，透气性是不是没纸尿裤好，穿了两次宝宝屁股就开始长痱子。
广东,r***g,绿帮加大号XL128片,钻石会员,来自京东iPhone客户端,2016-06-09 22:56:13,东西不错，一直再买着，方便
,j***b,绿帮加大号XL128片,银牌会员,来自京东Android客户端,2016-07-05 15:45:12,一直买这个牌子，下这么大的雨都送过来了，谢谢快递小哥！
广东,r***g,绿帮加大号XL128片,钻石会员,来自京东iPhone客户端,2016-05-07 22:24:42,东西很不错，也方便，一直在买着
,z***Q,绿帮大号L164片,铜牌会员,来自微信购物,2016-06-14 19:45:40,买了很次很好用品质很好
,j***d,干爽拉拉裤大码L84片,铜牌会员,来自京东iPhone客户端,2016-05-16 21:36:43,挺好
上海,开***2,绿帮大号L164片,钻石会员,来自京东Android客户端,2016-07-05 20:20:34,好
,j***d,干爽拉拉裤大码L84片,铜牌会员,来自京东iPhone客户端,2016-06-11 00:53:09,挺好
山西,现***上,干爽拉拉裤大码L84片,钻石会员,来自京东iPhone客户端,2016-06-24 20:07:40,拉拉裤个人感觉不如以前那种好，它不能调节大小
,j***5,绿帮小号S164片,铜牌会员,来自京东Android客户端,2016-06-28 15:12:17,备货中，还没用，看着不错，没拆装，没闻到异味。
,j***^,绿帮大号L164片,银牌会员,来自京东iPhone客户端,2016-05-29 10:36:25,好
福建,j***懒,绿帮大号L164片,银牌会员, ,2016-06-11 19:58:14,主要送货快，东西价格也实惠。
陕西,k***g,绿帮大号L164片,钻石会员,来自京东iPhone客户端,2016-06-19 21:41:21,多次购买，夏天用挺合适的，不厚
四川,t***w,绿帮加大号XL128片,钻石会员, ,2016-06-01 13:15:35,还可以，宝宝一直用这个，没有他们说的红屁屁，不过我家宝宝用什么都不会红屁屁
四川,t***w,绿帮大号L164片,钻石会员, ,2016-06-02 11:29:55,还可以，宝宝一直用这个，没有他们说的红屁屁，不过我家宝宝用什么都不会红屁屁
北京,醉***茶,绿帮大号L164片,钻石会员, ,2016-04-20 17:14:00,大品牌，信得过，一直用这个牌子~
,j***7,绿帮小号S164片,铜牌会员,来自京东Android客户端,2016-07-04 10:26:44,快递速度很快，质量也不错。
,j***1,干爽拉拉裤加加大码XXL50片,金牌会员,来自京东iPhone客户端,2016-07-06 07:40:24,好
,j***l,绿帮中号M192片,铜牌会员,来自京东Android客户端,2016-05-17 17:40:20,不同的店铺不同的价格，同样的东西。
广东,w***a,绿帮大号L164片,钻石会员, ,2016-04-23 08:46:30,买很多次了，是正品，最好包装上不要贴东西，送人不好看
,j***g,绿帮中号M192片,铜牌会员,来自京东Android客户端,2016-05-07 01:26:47,买了几次，第一次评论，很好用，我女儿一直都用它
,小***包,绿帮加大号XL128片,铜牌会员,来自京东iPhone客户端,2016-04-09 15:25:26,好
,Z***Z,干爽拉拉裤大码L84片,银牌会员,来自微信购物,2016-07-05 17:03:59,不错，宝宝一直在用
江苏,无***星,干爽拉拉裤大码L84片,银牌会员,来自京东iPhone客户端,2016-06-18 13:50:45,东西不错、值得购买、京东就是好！
广东,7***明,绿帮新生儿NB96片,银牌会员,来自京东Android客户端,2016-06-15 00:09:56,经济实裏好好好好多少钱
,j***e,干爽拉拉裤加加大码XXL50片,铜牌会员,来自京东Android客户端,2016-06-20 22:53:13,"薄厚适中，宝宝带着刚刚好，没有红pp,物流也很给力，很不错的一次购物哦，下次继续光顾～～～"
湖北,j***2,绿帮中号M192片,金牌会员,来自京东iPhone客户端,2016-04-08 13:19:38,好！
,j***k,绿帮大号L164片,银牌会员,来自京东iPhone客户端,2016-07-04 12:58:42,京东买的东西速度快质量好价格优惠哦
,嗨***茄,绿帮中号M192片,铜牌会员,来自京东Android客户端,2016-06-17 14:25:16,下次还来
,j***士,绿帮大号L164片,银牌会员,来自京东iPhone客户端,2016-05-20 23:11:33,很快到货
,陳***生,绿帮新生儿NB96片,银牌会员,来自京东iPhone客户端,2016-06-27 22:30:23,价格很优惠
,j***1,绿帮中号M192片,铜牌会员,来自京东Android客户端,2016-07-01 00:35:40,快递很给力 服务还不错   一次尿尿就成了一托   有望改进质量
,j***v,绿帮大号L164片,银牌会员,来自京东Android客户端,2016-06-28 23:05:15,我家宝宝一直用你家的，从小号到现在的大号了，一直很满意
广东,e***y,绿帮新生儿NB96片,金牌会员,来自京东iPhone客户端,2016-06-21 14:12:35,宝宝还没出来呢，备货中！
,P***y,干爽拉拉裤大码L84片,金牌会员,来自微信购物,2016-06-04 06:36:57,忘记评价了。用起来还可以。有小吸水因子小颗粒渗出。
,1***p,干爽拉拉裤大码L84片,银牌会员,来自京东iPhone客户端,2016-07-01 12:45:20,里面的东西不一样了，应该是新包装的
上海,刘***龙,绿帮中号M192片,钻石会员,来自京东Android客户端,2016-07-05 21:25:53,巨大的划算。
,rmzlyPsFmdig,绿帮新生儿NB96片,铜牌会员,来自微信购物,2016-06-25 15:00:52,还行一般般
,j***v,绿帮中号M192片,铜牌会员,来自微信购物,2016-06-29 21:29:48,物流很快，商品也很好用
,j***h,干爽拉拉裤大码L84片,铜牌会员,来自手机QQ购物,2016-07-05 08:01:59,不错快递员也快
江苏,j***f,绿帮大号L164片,银牌会员,来自京东iPhone客户端,2016-07-05 10:00:41,比尤妮佳的薄，还没用，听邻居说夏天用挺好才买的
,j***x,绿帮新生儿NB96片,银牌会员,来自京东Android客户端,2016-06-07 22:05:02,一般
广东,e***n,绿帮大号L164片,金牌会员, ,2016-06-17 11:54:21,okokokokokokokokokokokokokokokokokok
广东,静***7,干爽拉拉裤加大码XL72片,银牌会员,来自京东Android客户端,2016-06-10 22:01:18,东西不错。小孩用着很好。还会再买
,落***蕊,干爽拉拉裤加大码XL72片,银牌会员,来自京东Android客户端,2016-05-01 18:12:11,好好
,0***1,绿帮加大号XL128片,金牌会员,来自京东iPhone客户端,2016-04-18 16:13:11,质量好价格实惠 效果也非常好
,7***乡,绿帮新生儿NB96片,银牌会员,来自京东Android客户端,2016-07-04 09:03:56,写的赠品又说没有了，算了，怪自己没看清
,落***蕊,干爽拉拉裤加大码XL72片,银牌会员,来自京东Android客户端,2016-05-27 21:07:22,一直速度都挺快，就是这次明明写的有现货，结果要一个星期才能发货。太伤感
,j***u,绿帮大号L164片,银牌会员,来自京东Android客户端,2016-05-26 22:54:47,不错
,阿***忘,绿帮小号S164片,铜牌会员, ,2016-07-01 16:31:57,发货速度很快，只是收到的商品不大满意，后比没有弹力的，侧比魔术贴的地方有少许弹性，还有就是只撒了一两泡尿就不能用了
,阿***忘,绿帮小号S164片,铜牌会员, ,2016-07-01 16:31:57,发货速度很快，只是收到的商品不大满意，后比没有弹力的，侧比魔术贴的地方有少许弹性，还有就是只撒了一两泡尿就不能用了
广东,j***2,绿帮中号M192片,金牌会员,来自京东Android客户端,2016-06-26 14:17:29,宝贝一直用帮宝适，质量不错，性价比高！比母婴店便宜很多，相信京东自营，快递速度一直都很满意，大爱，以后会继续支持京东自营商品
广东,j***m,干爽拉拉裤大码L84片,钻石会员,来自京东Android客户端,2016-07-04 09:18:09,好(●&deg;u&deg;●)?&nbsp;」便宜。。。。。。
广东,j***m,干爽拉拉裤加大码XL72片,钻石会员,来自京东Android客户端,2016-07-04 09:18:09,好ヽ(?■?■)ノ??
辽宁,石***右,干爽拉拉裤中码M94片,钻石会员,来自京东iPhone客户端,2016-07-02 12:32:39,物美价廉 物美价廉 好用
天津,听***渔,绿帮加大号XL128片,银牌会员,来自京东iPhone客户端,2016-07-05 11:03:06,一直在网上买纸尿裤，不仅价格划算，还能送货到家，速度快！大热天的辛苦快递员了！
,j***a,干爽拉拉裤加大码XL72片,银牌会员, ,2016-07-03 08:41:33,快递给力，价格便宜，信赖京东
,敏***淘,绿帮新生儿NB96片,银牌会员,来自京东Android客户端,2016-05-11 23:11:36,这都是第三包了最主要不会过敏， 价钱也不贵 挺好的 侄女一直在用呢
江苏,d***1,干爽拉拉裤加大码XL72片,金牌会员, ,2016-04-29 10:42:47,宝宝用的，一直用这个牌子，质量还不错的，之前是在搞活动，到厂家买的，这次网上价格也便宜就买了备存。
,j***s,绿帮新生儿NB96片,铜牌会员,来自京东Android客户端,2016-06-19 04:09:12,一直到现在才来评论，尿不湿吸收很好，不会一坨一坨的，也不会红屁屁，性价比很高，值得购买
,s***N,干爽拉拉裤加大码XL72片,铜牌会员,来自微信购物,2016-07-04 20:31:35,比店里便宜好多，服务态度也非常的好。
,j***h,绿帮新生儿NB96片,铜牌会员, ,2016-06-20 13:39:04,不错的纸尿片，促销帮朋友买的，很实惠
广西,m***2,绿帮小号S164片,金牌会员, ,2016-04-15 22:11:34,京东的速度就是不一样
,j***v,绿帮新生儿NB96片,银牌会员,来自京东Android客户端,2016-07-05 22:28:00,一直用这个，昨晚下单，早上就到了，哈哈！
,B***荃,绿帮加大号XL128片,钻石会员,来自京东Android客户端,2016-06-17 13:12:28,便宜，还可以用券。。
河南,飘***6,干爽拉拉裤加大码XL72片,金牌会员,来自京东iPhone客户端,2016-07-05 17:06:16,多次购买了，孩子一直用！
,j***i,绿帮中号M192片,银牌会员,来自京东iPhone客户端,2016-07-02 10:03:40,用了好几箱了，觉得还不错，挺薄的
广东,j***a,绿帮加大号XL128片,银牌会员,来自京东Android客户端,2016-07-05 13:39:12,一直都在用。信赖京东。
,M***m,干爽拉拉裤大码L84片,铜牌会员,来自京东Android客户端,2016-06-21 01:11:36,可以
,j***a,绿帮加大号XL128片,金牌会员,来自京东Android客户端,2016-07-05 13:46:11,一直都是用它。
,j***無,绿帮大号L164片,银牌会员,来自京东Android客户端,2016-06-15 00:38:27,还不错
,1***p,绿帮大号L164片,铜牌会员,来自京东Android客户端,2016-06-30 13:38:12,跟我在实体店买的没区别，但是便宜好多哦，下次还来
广东,荣***贵,绿帮加大号XL128片,钻石会员,来自京东iPhone客户端,2016-07-06 03:52:19,好
湖北,郭***点,干爽拉拉裤加大码XL72片,钻石会员,来自京东iPhone客户端,2016-06-12 13:45:21,送货快方便，东西实惠不错
广东,蛙***虾,干爽拉拉裤大码L84片,金牌会员, ,2016-05-14 07:58:06,一直在用 质量还行
广东,蛙***虾,绿帮大号L164片,金牌会员, ,2016-05-14 07:56:50,一直在用 质量还行
河南,j***3,绿帮中号M192片,钻石会员,来自京东iPhone客户端,2016-05-26 13:45:40,一直信赖的卖家，是正品，比实体店便宜
,g***w,绿帮中号M192片,铜牌会员,来自微信购物,2016-06-21 13:02:07,很快很好！
天津,晰***1,绿帮小号S164片,金牌会员,来自京东iPhone客户端,2016-07-04 21:12:12,好
广东,高***1,干爽拉拉裤加大码XL72片,金牌会员,来自京东Android客户端,2016-07-03 09:46:53,好用！以后就用帮宝适的了
